artist_id,name,gender,birth_date,birth_place,nationality,description,country,region,province,latitude,longitude,active_start,active_end
ART82291002,99 Posse,M,,,,gruppo musicale italiano,,,,0.0,0.0,1991-01-01,
ART53496045,Achille Lauro,M,1990-07-11,Verona,Italia,cantautore e rapper italiano (1990-),Italia,Veneto,Verona,45.4424977,10.9857377,2012-01-01,
ART18853907,Alfa,M,,,,,,,,0.0,0.0,,
ART64265460,ANNA,F,,,,,,,,0.0,0.0,,
ART75741740,Articolo 31,M,,,,gruppo musicale hip hop italiano,,,,0.0,0.0,1990-01-01,
ART24123617,Babaman,M,1975-08-08,Rho,Italia,cantante italiano,Italia,Lombardia,Milano,45.528878,9.04156,,
ART40229749,Baby K,F,1983-02-05,Singapore,Italia,cantautrice e rapper italiana (1983-),,,,45.0806268,7.6707168,2007-01-01,
ART56320683,Bassi Maestro,M,1973-08-03,Milano,Italia,"rapper, disc jockey, beatmaker e produttore discografico italiano",Italia,Lombardia,Milano,45.4641943,9.1896346,1988-01-01,
ART19605256,Beba,F,,,,cognome,,,,0.0,0.0,,
ART02666525,BigMama,F,,,,,,,,0.0,0.0,2001-01-01,
ART03111237,Brusco,M,,,,cognome,,,,0.0,0.0,,
ART95365016,Bushwaka,M,,,,,,,,0.0,0.0,,
ART28846313,Caneda,M,,,,cognome,,,,0.0,0.0,,
ART27304446,Caparezza,M,1973-10-09,Sternatia,Italia,"rapper, cantautore e produttore discografico italiano (1973-)",Italia,Puglia,Lecce,40.222125,18.225226,1996-01-01,
ART70825116,Capo Plaza,M,1998-04-20,Salerno,Italia,rapper italiano (1998-),Italia,Campania,Salerno,40.4194416,15.3106085,,
ART67409252,Chadia,F,1998-11-07,Almería,Italia,rapper italiana (1998-),Italia,Liguria,Genova,44.4194958,8.9234821,,
ART71969350,Clementino,M,1982-12-21,Avellino,Italia,rapper e attore italiano (1982-),Italia,Campania,Avellino,40.9965446,15.140569,,
ART81071062,Club Dogo,M,,,,gruppo musicale italiano,,,,0.0,0.0,,
ART78209349,Coez,M,1983-07-11,Nocera Inferiore,Italia,cantautore e rapper italiano (1983-),Italia,Campania,Salerno,40.7472133,14.6433202,2002-01-01,
ART85821920,Colle Der Fomento,M,,,,gruppo musicale italiano,,,,0.0,0.0,,
ART59609037,Cor Veleno,M,,,,gruppo musicale italiano,,,,0.0,0.0,1993-01-01,
ART46851094,Dani Faiv,M,1993-11-05,La Spezia,Italia,rapper italiano (1993-),Italia,Liguria,La Spezia,44.238366,9.6912326,,
ART63985757,Dargen D’Amico,M,,,,,,,,0.0,0.0,,
ART96068455,Dark Polo Gang,M,,,,gruppo musicale italiano,,,,0.0,0.0,2014-01-01,
ART52349448,Doll Kill,F,,,,,,,,0.0,0.0,,
ART14383873,Don Joe,M,1975-05-15,Milano,Italia,"disc jockey, produttore discografico e rapper italiano (1975-)",Italia,Lombardia,Milano,45.4641943,9.1896346,,
ART09119396,DrefGold,M,1997-05-16,Bologna,Italia,rapper italiano (1997-),Italia,Emilia-Romagna,Bologna,44.4938203,11.3426327,,
ART86549066,Emis Killa,M,1989-11-14,Vimercate,Italia,rapper italiano (1989-),Italia,Lombardia,Monza e della Brianza,45.6139627,9.37006,2006-01-01,
ART57616402,Ensi,M,1985-12-13,Alpignano,Italia,rapper italiano (1985-),Italia,Piemonte,Torino,45.0957237,7.5254027,2002-01-01,
ART19729064,Entics,M,1985-03-16,Milano,Italia,cantante italiano,Italia,Lombardia,Milano,45.4641943,9.1896346,,
ART76284946,Ernia,M,1993-11-29,Milano,Italia,rapper italiano (1993-),Italia,Lombardia,Milano,45.4641943,9.1896346,2011-01-01,
ART14073567,Eva Rea,F,,,,,,,,0.0,0.0,,
ART25707984,Fabri Fibra,M,1976-10-17,Senigallia,Italia,rapper italiano (1976-),Italia,,Ancona,43.7149517,13.2179488,1996-01-01,
ART07024718,Fedez,M,1989-10-15,Milano,Italia,"rapper, personaggio televisivo e imprenditore italiano (1989-)",Italia,Lombardia,Milano,45.4641943,9.1896346,2006-01-01,
ART46711784,Frah Quintale,M,1989-12-27,Brescia,Italia,cantautore e rapper italiano (1989-),Italia,Lombardia,Brescia,45.7795804,10.425873,2006-01-01,
ART31005348,Frankie hi-nrg mc,M,1969-08-18,Torino,Italia,rapper e cantautore italiano (1969-),Italia,Piemonte,Torino,45.0677551,7.6824892,1991-01-01,
ART52465778,Fred De Palma,M,1989-11-03,Torino,Italia,cantautore e rapper italiano (1989-),Italia,Piemonte,Torino,45.0677551,7.6824892,,
ART85046033,Gemitaiz,M,1988-11-04,Roma,Italia,rapper e produttore discografico italiano (1988),Italia,Lazio,Roma,41.8933203,12.4829321,2003-01-01,
ART87162895,Geolier,M,2000-03-23,Napoli,Italia,rapper italiano (2000-),Italia,Campania,Napoli,40.8358846,14.2487679,,
ART83125571,Ghali,M,1993-05-21,Milano,Italia,rapper e cantautore italo-tunisino (1993-),Italia,Lombardia,Milano,45.4641943,9.1896346,2011-01-01,
ART73965015,Ghemon,M,1982-04-01,Avellino,Italia,"rapper, cantante e stand up comedian italiano",Italia,Campania,Avellino,40.9965446,15.140569,1996-01-01,
ART79325822,Grido,M,1979-03-30,Milano,Italia,rapper e cantautore italiano (1979),Italia,Lombardia,Milano,45.4641943,9.1896346,1996-01-01,
ART04141409,Guè,M,,,,,,,,0.0,0.0,,
ART91515842,Hell Raton,M,1990-05-14,Olbia,Italia,rapper e produttore discografico italiano (1990-),Italia,Sardegna,Gallura,40.9232659,9.5027442,,
ART59593021,Hindaco,F,,,,,,,,0.0,0.0,,
ART08177154,Il Tre,M,1997-01-01,Roma,Italia,rapper e cantautore italiano (1997-),Italia,Lazio,Roma,41.8933203,12.4829321,2015-01-01,
ART57730937,Inoki,M,1979-10-02,Roma,Italia,rapper e produttore discografico italiano (1979),Italia,Lazio,Roma,41.8933203,12.4829321,1996-01-01,
ART17812958,J-Ax,M,1972-08-05,Milano,Italia,"rapper, cantautore e produttore discografico italiano (1972-)",Italia,Lombardia,Milano,45.4641943,9.1896346,1990-01-01,
ART80977821,Jack The Smoker,M,1982-12-20,Milano,Italia,rapper e produttore discografico italiano (1982-),Italia,Lombardia,Milano,45.4641943,9.1896346,,
ART88792008,Jake La Furia,M,1979-02-25,Milano,Italia,rapper italiano (1979-),Italia,Lombardia,Milano,45.4641943,9.1896346,1999-01-01,
ART88199433,Joey (ITA),F,,,,,,,,0.0,0.0,,
ART07469279,Johnny Marsiglia,M,,,,,,,,0.0,0.0,,
ART88423027,La Pina,F,1970-06-20,Firenze,Italia,"rapper, conduttrice radiofonica e televisiva italiana (1970-)",Italia,Toscana,Firenze,43.7697955,11.2556404,,
ART39344115,Lazza,M,1994-08-22,Scampia,Italia,"rapper, musicista e produttore discografico italiano (1994-)",Italia,Campania,Napoli,40.8999881,14.2410519,2012-01-01,
ART05528539,Luchè,M,1981-01-07,Napoli,Italia,rapper e produttore discografico italiano,Italia,Campania,Napoli,40.8358846,14.2487679,,
ART20729624,Madame,F,2002-01-16,Vicenza,Italia,cantautrice e rapper italiana (2002-),Italia,Veneto,Vicenza,45.6348591,11.4063543,2018-01-01,
ART40433104,MadMan,M,1988-07-25,Grottaglie,Italia,rapper italiano (1988),Italia,Puglia,Taranto,40.5361927,17.4342206,2006-01-01,
ART16868977,Mahmood,M,1992-09-12,Milano,Italia,cantautore e paroliere italiano (1992-),Italia,Lombardia,Milano,45.4641943,9.1896346,2012-01-01,
ART61734477,MamboLosco,M,1991-08-16,Vicenza,Italia,rapper italiano (1991-),Italia,Veneto,Vicenza,45.6348591,11.4063543,,
ART02733420,Marracash,M,1979-05-22,Nicosia,Italia,rapper e produttore discografico italiano (1979-),Italia,Sicilia,Enna,37.747452,14.397271,1999-01-01,
ART63613967,Massimo Pericolo,M,1993-11-30,Gallarate,Italia,criminale e rapper italiano,Italia,Lombardia,Varese,45.6598951,8.7932013,,
ART37807199,Highsnob,M,,,,,,,,0.0,0.0,,
ART43601431,M¥SS KETA,F,,,,,,,,0.0,0.0,,
ART51628788,Miss Simpatia,F,,,,,,,,0.0,0.0,,
ART48537029,Mistaman,M,1976-09-11,Treviso,Italia,rapper italiano,Italia,Veneto,Treviso,45.8066913,12.2063158,,
ART66452136,Mistico,M,,,,tipo di barca a vela usata nel XVIII e XIX secolo,,,,0.0,0.0,,
ART91352277,Mondo Marcio,M,1986-12-01,Milano,Italia,rapper e produttore discografico italiano,Italia,Lombardia,Milano,45.4641943,9.1896346,,
ART71846481,Mr.Rain,M,1991-11-19,Desenzano del Garda,Italia,cantautore e rapper italiano (1991-),Italia,Lombardia,Brescia,45.4694851,10.5389467,2011-01-01,
ART86576759,Mudimbi,M,1986-10-17,San Benedetto del Tronto,Italia,cantante italiano,Italia,Marche,Ascoli Piceno,42.9525328,13.8807144,2013-01-01,
ART52272796,Neffa,M,1967-10-07,Scafati,Italia,"cantautore, rapper e produttore discografico italiano (1967-)",Italia,Campania,Salerno,40.7499887,14.5269491,1988-01-01,
ART62385172,Nerone,M,,,,opera lirica di Pietro Mascagni,,,,0.0,0.0,,
ART07629990,Nesli,M,1980-12-29,Senigallia,Italia,"cantautore, rapper e produttore discografico italiano",Italia,,Ancona,43.7149517,13.2179488,1990-01-01,
ART19060721,Niky Savage,M,1997-07-22,Milano,,Rapper italiano,Italia,Lombardia,Milano,45.4641943,9.1896346,,
ART78358659,Nitro,M,1993-02-11,Vicenza,Italia,rapper italiano (1993-),Italia,Veneto,Vicenza,45.6348591,11.4063543,2007-01-01,
ART07127070,Noyz Narcos,M,1979-12-15,Roma,Italia,rapper e produttore discografico italiano (1979-),Italia,Lazio,Roma,41.8933203,12.4829321,1996-01-01,
ART42220690,’O Zulù,M,,,,,,,,0.0,0.0,,
ART12092805,Papa V,M,2001-02-19,Pieve Emanuele,Italia,rapper italiano (2001-),Italia,Lombardia,Milano,45.3559126,9.2020722,,
ART66932389,Piotta,M,1973-04-26,Roma,Italia,rapper e produttore discografico italiano (1973-),Italia,Lazio,Roma,41.8933203,12.4829321,1994-01-01,
ART87389753,Priestess,F,,,,gruppo musicale canadese,,,,0.0,0.0,2003-01-01,
ART08456301,Rancore,M,1989-07-19,Roma,Italia,rapper italiano (1989-),Italia,Lazio,Roma,41.8933203,12.4829321,2004-01-01,
ART89596800,Rkomi,M,1994-04-19,Milano,Italia,rapper e cantautore italiano (1994-),Italia,Lombardia,Milano,45.4641943,9.1896346,2012-01-01,
ART17240256,Rocco Hunt,M,1994-11-21,Salerno,Italia,cantautore e rapper italiano (1994-),Italia,Campania,Salerno,40.4194416,15.3106085,2009-01-01,
ART08302616,Rondodasosa,M,2002-04-29,San Siro,Italia,rapper italiano (2002-),Italia,Lombardia,Milano,45.4782003,9.123964,,
ART04205421,Rosa Chemical,M,1998-01-30,Grugliasco,Italia,rapper e cantautore italiano (1998-),Italia,Piemonte,Torino,45.068046,7.57762,2015-01-01,
ART74676403,Rose Villain,F,1989-07-20,Milano,Italia,cantautrice e rapper italiana (1989-),Italia,Lombardia,Milano,45.4641943,9.1896346,2010-01-01,
ART02449272,Roshelle,F,1995-09-18,Lodi,Italia,cantante e rapper italiana (1995-),Italia,Lombardia,Lodi,45.2613104,9.4916781,2016-01-01,
ART48622722,Salmo,M,1984-06-29,Olbia,Italia,rapper e produttore discografico italiano (1984-),Italia,Sardegna,Gallura,40.9232659,9.5027442,1997-01-01,
ART56967402,Samuel Costa,M,,,,,,,,0.0,0.0,,
ART87497821,Sfera Ebbasta,M,1992-12-07,Sesto San Giovanni,Italia,rapper italiano (1992-),Italia,Lombardia,Milano,45.5357218,9.2376549,2011-01-01,
ART98307962,Shablo,M,1980-11-17,Buenos Aires,Argentina,disc jockey e produttore discografico italo-argentino (1980-),,,,44.8037407,10.1430038,,
ART26418649,Shade,M,1987-12-10,Torino,Italia,rapper e doppiatore italiano (1987-),Italia,Piemonte,Torino,45.0677551,7.6824892,2005-01-01,
ART64850829,Shiva,M,,,,dio indiano della distruzione e della trasformazione,,,,0.0,0.0,,
ART41225226,Skioffi,M,,,,,,,,0.0,0.0,,
ART28717687,Slait,M,1987-01-24,Olbia,Italia,rapper e produttore discografico italiano (1987-),Italia,Sardegna,Gallura,40.9232659,9.5027442,,
ART22979236,Sottotono,M,,,,gruppo musicale italiano,,,,0.0,0.0,,
ART85780419,Tedua,M,1994-02-21,Genova,Italia,"cantautore, rapper e attore italiano (1994-)",Italia,Liguria,Genova,44.40726,8.9338624,,
ART88026810,thasup,M,2001-03-17,Fiumicino,Italia,rapper e produttore discografico italiano (2001-),Italia,Lazio,Roma,41.7712145,12.2278855,2015-01-01,
ART51721248,Tony Boy,M,1999-09-26,Padova,Italia,rapper italiano (1999-),Italia,Veneto,Padova,45.391408,11.8058487,,
ART57242110,Tony Effe,M,1991-05-17,Roma,Italia,rapper italiano (1991-),Italia,Lazio,Roma,41.8933203,12.4829321,,
ART98118784,Tormento,M,1975-09-06,Reggio Calabria,Italia,"rapper, cantautore e beatmaker italiano (1975-)",Italia,Calabria,Reggio Calabria,38.1035389,15.6397556,,
ART15560128,Vacca,M,1979-10-21,Cagliari,Italia,rapper italiano,Italia,Sardegna,Cagliari,39.2171994,9.113311,2001-01-01,
ART57587384,Willie Peyote,M,1985-08-28,Torino,Italia,rapper e cantautore italiano (1985-),Italia,Piemonte,Torino,45.0677551,7.6824892,2004-01-01,
ART71515715,YEИDRY,F,,,,,,,,0.0,0.0,,
ART83631935,Yung Snapp,M,1996-08-06,Napoli,Italia,produttore discografico e rapper italiano,Italia,Campania,Napoli,40.8358846,14.2487679,,
ART_NEW_0001,Thelonious B.,Unknown,,,,Auto-generated,,,,0.0,0.0,,
ART_NEW_0002,RADICAL,Unknown,,,,Auto-generated,,,,0.0,0.0,,
ART_NEW_0003,Taxi B,Unknown,,,,Auto-generated,,,,0.0,0.0,,
ART_NEW_0004,Wayne,Unknown,,,,Auto-generated,,,,0.0,0.0,,
ART_NEW_0005,Boro,Unknown,,,,Auto-generated,,,,0.0,0.0,,
ART_NEW_0006,Macello,Unknown,,,,Auto-generated,,,,0.0,0.0,,
ART_NEW_0007,VillaBanks,Unknown,,,,Auto-generated,,,,0.0,0.0,,
ART_NEW_0008,18K,Unknown,,,,Auto-generated,,,,0.0,0.0,,
ART_NEW_0009,HEAVEN (ITA),Unknown,,,,Auto-generated,,,,0.0,0.0,,
ART_NEW_0010,Thetesto,Unknown,,,,Auto-generated,,,,0.0,0.0,,
ART_NEW_0011,Pitta (ITA),Unknown,,,,Auto-generated,,,,0.0,0.0,,
ART_NEW_0012,Samurai Jay,Unknown,,,,Auto-generated,,,,0.0,0.0,,
ART_NEW_0013,Spender,Unknown,,,,Auto-generated,,,,0.0,0.0,,
ART_NEW_0014,Angelino Panebianco,Unknown,,,,Auto-generated,,,,0.0,0.0,,
ART_NEW_0015,Carl Brave,Unknown,,,,Auto-generated,,,,0.0,0.0,,
ART_NEW_0016,Vipra,Unknown,,,,Auto-generated,,,,0.0,0.0,,
ART_NEW_0017,Rew (ITA),Unknown,,,,Auto-generated,,,,0.0,0.0,,
ART_NEW_0018,Olly,Unknown,,,,Auto-generated,,,,0.0,0.0,,
ART_NEW_0019,Matsby,Unknown,,,,Auto-generated,,,,0.0,0.0,,
ART_NEW_0020,Roberto Vecchioni,Unknown,,,,Auto-generated,,,,0.0,0.0,,
ART_NEW_0021,Yem (ITA),Unknown,,,,Auto-generated,,,,0.0,0.0,,
ART_NEW_0022,Drast,Unknown,,,,Auto-generated,,,,0.0,0.0,,
ART_NEW_0023,Annalisa,Unknown,,,,Auto-generated,,,,0.0,0.0,,
ART_NEW_0024,ARIETE,Unknown,,,,Auto-generated,,,,0.0,0.0,,
ART_NEW_0025,Slings,Unknown,,,,Auto-generated,,,,0.0,0.0,,
ART_NEW_0026,Gabe Simon,Unknown,,,,Auto-generated,,,,0.0,0.0,,
ART_NEW_0027,Melissa Gamberoni,Unknown,,,,Auto-generated,,,,0.0,0.0,,
ART_NEW_0028,Ytema,Unknown,,,,Auto-generated,,,,0.0,0.0,,
ART_NEW_0029,Ubriachi fanno cose,Unknown,,,,Auto-generated,,,,0.0,0.0,,
ART_NEW_0030,nayt,Unknown,,,,Auto-generated,,,,0.0,0.0,,
ART_NEW_0031,Mara Sattei,Unknown,,,,Auto-generated,,,,0.0,0.0,,
ART_NEW_0032,bbno$,Unknown,,,,Auto-generated,,,,0.0,0.0,,
ART_NEW_0033,Sick Luke,Unknown,,,,Auto-generated,,,,0.0,0.0,,
ART_NEW_0034,Tananai,Unknown,,,,Auto-generated,,,,0.0,0.0,,
ART_NEW_0035,Pinguini Tattici Nucleari,Unknown,,,,Auto-generated,,,,0.0,0.0,,
ART_NEW_0036,​​yungest Moonstar,Unknown,,,,Auto-generated,,,,0.0,0.0,,
ART_NEW_0037,Low Kidd,Unknown,,,,Auto-generated,,,,0.0,0.0,,
ART_NEW_0038,Lele Blade,Unknown,,,,Auto-generated,,,,0.0,0.0,,
ART_NEW_0039,Icy Subzero,Unknown,,,,Auto-generated,,,,0.0,0.0,,
ART_NEW_0040,MV Killa,Unknown,,,,Auto-generated,,,,0.0,0.0,,
ART_NEW_0041,Diss Gacha,Unknown,,,,Auto-generated,,,,0.0,0.0,,
ART_NEW_0042,Don Pero,Unknown,,,,Auto-generated,,,,0.0,0.0,,
ART_NEW_0043,Rhove,Unknown,,,,Auto-generated,,,,0.0,0.0,,
ART_NEW_0044,CoCo,Unknown,,,,Auto-generated,,,,0.0,0.0,,
ART_NEW_0045,Side Baby,Unknown,,,,Auto-generated,,,,0.0,0.0,,
ART_NEW_0046,Vale Lambo,Unknown,,,,Auto-generated,,,,0.0,0.0,,
ART_NEW_0047,Lil Baby,Unknown,,,,Auto-generated,,,,0.0,0.0,,
ART_NEW_0048,Kid Yugi,Unknown,,,,Auto-generated,,,,0.0,0.0,,
ART_NEW_0049,Laura Pausini,Unknown,,,,Auto-generated,,,,0.0,0.0,,
ART_NEW_0050,Pyrex (ITA),Unknown,,,,Auto-generated,,,,0.0,0.0,,
ART_NEW_0051,IZI,Unknown,,,,Auto-generated,,,,0.0,0.0,,
ART_NEW_0052,Artie 5ive,Unknown,,,,Auto-generated,,,,0.0,0.0,,
ART_NEW_0053,French Montana,Unknown,,,,Auto-generated,,,,0.0,0.0,,
ART_NEW_0054,Takagi,Unknown,,,,Auto-generated,,,,0.0,0.0,,
ART_NEW_0055,Ketra,Unknown,,,,Auto-generated,,,,0.0,0.0,,
ART_NEW_0056,Tory Lanez,Unknown,,,,Auto-generated,,,,0.0,0.0,,
ART_NEW_0057,Giaime,Unknown,,,,Auto-generated,,,,0.0,0.0,,
ART_NEW_0058,Elodie,Unknown,,,,Auto-generated,,,,0.0,0.0,,
ART_NEW_0059,Clark P.,Unknown,,,,Auto-generated,,,,0.0,0.0,,
ART_NEW_0060,SHINE,Unknown,,,,Auto-generated,,,,0.0,0.0,,
ART_NEW_0061,Giso,Unknown,,,,Auto-generated,,,,0.0,0.0,,
ART_NEW_0062,Tinez (ITA),Unknown,,,,Auto-generated,,,,0.0,0.0,,
ART_NEW_0063,El Feo,Unknown,,,,Auto-generated,,,,0.0,0.0,,
ART_NEW_0064,Il Nano,Unknown,,,,Auto-generated,,,,0.0,0.0,,
ART_NEW_0065,Infa,Unknown,,,,Auto-generated,,,,0.0,0.0,,
ART_NEW_0066,Dreke,Unknown,,,,Auto-generated,,,,0.0,0.0,,
ART_NEW_0067,Paska,Unknown,,,,Auto-generated,,,,0.0,0.0,,
ART_NEW_0068,Zevio,Unknown,,,,Auto-generated,,,,0.0,0.0,,
ART_NEW_0069,Secco,Unknown,,,,Auto-generated,,,,0.0,0.0,,
ART_NEW_0070,Warez,Unknown,,,,Auto-generated,,,,0.0,0.0,,
ART_NEW_0071,Axos,Unknown,,,,Auto-generated,,,,0.0,0.0,,
ART_NEW_0072,Amill Leonardo,Unknown,,,,Auto-generated,,,,0.0,0.0,,
ART_NEW_0073,Gianni Bismark,Unknown,,,,Auto-generated,,,,0.0,0.0,,
ART_NEW_0074,Junior Cally,Unknown,,,,Auto-generated,,,,0.0,0.0,,
ART_NEW_0075,Remmy,Unknown,,,,Auto-generated,,,,0.0,0.0,,
ART_NEW_0076,Nex Cassel,Unknown,,,,Auto-generated,,,,0.0,0.0,,
ART_NEW_0077,Silent Bob,Unknown,,,,Auto-generated,,,,0.0,0.0,,
ART_NEW_0078,G. Nano,Unknown,,,,Auto-generated,,,,0.0,0.0,,
ART_NEW_0079,Speranza,Unknown,,,,Auto-generated,,,,0.0,0.0,,
ART_NEW_0080,Danti,Unknown,,,,Auto-generated,,,,0.0,0.0,,
ART_NEW_0081,Ame 2.0,Unknown,,,,Auto-generated,,,,0.0,0.0,,
ART_NEW_0082,MIDO,Unknown,,,,Auto-generated,,,,0.0,0.0,,
ART_NEW_0083,Maruego,Unknown,,,,Auto-generated,,,,0.0,0.0,,
ART_NEW_0084,Egreen,Unknown,,,,Auto-generated,,,,0.0,0.0,,
ART_NEW_0085,Shari,Unknown,,,,Auto-generated,,,,0.0,0.0,,
ART_NEW_0086,MR Rizzus,Unknown,,,,Auto-generated,,,,0.0,0.0,,
ART_NEW_0087,L’Elfo,Unknown,,,,Auto-generated,,,,0.0,0.0,,
ART_NEW_0088,Mauro Bizzie,Unknown,,,,Auto-generated,,,,0.0,0.0,,
ART_NEW_0089,Hosawa,Unknown,,,,Auto-generated,,,,0.0,0.0,,
ART_NEW_0090,MRB,Unknown,,,,Auto-generated,,,,0.0,0.0,,
ART_NEW_0091,Gualti,Unknown,,,,Auto-generated,,,,0.0,0.0,,
ART_NEW_0092,Heartman,Unknown,,,,Auto-generated,,,,0.0,0.0,,
ART_NEW_0093,Pepito Rella,Unknown,,,,Auto-generated,,,,0.0,0.0,,
ART_NEW_0094,Strage,Unknown,,,,Auto-generated,,,,0.0,0.0,,
ART_NEW_0095,Eddy Veerus,Unknown,,,,Auto-generated,,,,0.0,0.0,,
ART_NEW_0096,DJ One-C,Unknown,,,,Auto-generated,,,,0.0,0.0,,
ART_NEW_0097,Analfak,Unknown,,,,Auto-generated,,,,0.0,0.0,,
ART_NEW_0098,Stevie Deville,Unknown,,,,Auto-generated,,,,0.0,0.0,,
ART_NEW_0099,C. Camacho,Unknown,,,,Auto-generated,,,,0.0,0.0,,
ART_NEW_0100,Jah Lingua,Unknown,,,,Auto-generated,,,,0.0,0.0,,
ART_NEW_0101,Kane Juice,Unknown,,,,Auto-generated,,,,0.0,0.0,,
ART_NEW_0102,Burro Banton,Unknown,,,,Auto-generated,,,,0.0,0.0,,
ART_NEW_0103,Simba La Rue,Unknown,,,,Auto-generated,,,,0.0,0.0,,
ART_NEW_0104,Paky,Unknown,,,,Auto-generated,,,,0.0,0.0,,
ART_NEW_0105,Astro (ITA),Unknown,,,,Auto-generated,,,,0.0,0.0,,
ART_NEW_0106,22simba,Unknown,,,,Auto-generated,,,,0.0,0.0,,
ART_NEW_0107,Ateyaba,Unknown,,,,Auto-generated,,,,0.0,0.0,,
ART_NEW_0108,Ntò,Unknown,,,,Auto-generated,,,,0.0,0.0,,
ART_NEW_0109,Elettra Lamborghini,Unknown,,,,Auto-generated,,,,0.0,0.0,,
ART_NEW_0110,Night Skinny,Unknown,,,,Auto-generated,,,,0.0,0.0,,
ART_NEW_0111,North of Loreto,Unknown,,,,Auto-generated,,,,0.0,0.0,,
ART_NEW_0112,Vettosi,Unknown,,,,Auto-generated,,,,0.0,0.0,,
ART_NEW_0113,Il Profeta,Unknown,,,,Auto-generated,,,,0.0,0.0,,
ART_NEW_0114,Rasty Kilo,Unknown,,,,Auto-generated,,,,0.0,0.0,,
ART_NEW_0115,Rick Ross,Unknown,,,,Auto-generated,,,,0.0,0.0,,
ART_NEW_0116,Franco126,Unknown,,,,Auto-generated,,,,0.0,0.0,,
ART_NEW_0117,Ketama126,Unknown,,,,Auto-generated,,,,0.0,0.0,,
ART_NEW_0118,Rame,Unknown,,,,Auto-generated,,,,0.0,0.0,,
ART_NEW_0119,El Micha,Unknown,,,,Auto-generated,,,,0.0,0.0,,
ART_NEW_0120,​chiello,Unknown,,,,Auto-generated,,,,0.0,0.0,,
ART_NEW_0121,Stadio,Unknown,,,,Auto-generated,,,,0.0,0.0,,
ART_NEW_0122,Alborosie,Unknown,,,,Auto-generated,,,,0.0,0.0,,
ART_NEW_0123,Enzo Avitabile,Unknown,,,,Auto-generated,,,,0.0,0.0,,
ART_NEW_0124,Laïoung,Unknown,,,,Auto-generated,,,,0.0,0.0,,
ART_NEW_0125,Noizy,Unknown,,,,Auto-generated,,,,0.0,0.0,,
ART_NEW_0126,Elisa,Unknown,,,,Auto-generated,,,,0.0,0.0,,
ART_NEW_0127,Crookers,Unknown,,,,Auto-generated,,,,0.0,0.0,,
ART_NEW_0128,Akon,Unknown,,,,Auto-generated,,,,0.0,0.0,,
ART_NEW_0129,Dutchavelli,Unknown,,,,Auto-generated,,,,0.0,0.0,,
ART_NEW_0130,Jadakiss,Unknown,,,,Auto-generated,,,,0.0,0.0,,
ART_NEW_0131,Arlissa,Unknown,,,,Auto-generated,,,,0.0,0.0,,
ART_NEW_0132,Benny the Butcher,Unknown,,,,Auto-generated,,,,0.0,0.0,,
ART_NEW_0133,Big Boy Caprice,Unknown,,,,Auto-generated,,,,0.0,0.0,,
ART_NEW_0134,Farid Bang,Unknown,,,,Auto-generated,,,,0.0,0.0,,
ART_NEW_0135,Napoleone,Unknown,,,,Auto-generated,,,,0.0,0.0,,
ART_NEW_0136,Rosario Miraggio,Unknown,,,,Auto-generated,,,,0.0,0.0,,
ART_NEW_0137,Cosculluela,Unknown,,,,Auto-generated,,,,0.0,0.0,,
ART_NEW_0138,Chicoria,Unknown,,,,Auto-generated,,,,0.0,0.0,,
ART_NEW_0139,Ele A,Unknown,,,,Auto-generated,,,,0.0,0.0,,
ART_NEW_0140,Willy William,Unknown,,,,Auto-generated,,,,0.0,0.0,,
ART_NEW_0141,Enzo Dong,Unknown,,,,Auto-generated,,,,0.0,0.0,,
ART_NEW_0142,Vincenzo da Via Anfossi,Unknown,,,,Auto-generated,,,,0.0,0.0,,
ART_NEW_0143,Zuli,Unknown,,,,Auto-generated,,,,0.0,0.0,,
ART_NEW_0144,Duellz,Unknown,,,,Auto-generated,,,,0.0,0.0,,
ART_NEW_0145,Julia Lenti,Unknown,,,,Auto-generated,,,,0.0,0.0,,
ART_NEW_0146,Slim Thug,Unknown,,,,Auto-generated,,,,0.0,0.0,,
ART_NEW_0147,Daniele Vit,Unknown,,,,Auto-generated,,,,0.0,0.0,,
ART_NEW_0148,Montenero,Unknown,,,,Auto-generated,,,,0.0,0.0,,
ART_NEW_0149,Kleane,Unknown,,,,Auto-generated,,,,0.0,0.0,,
ART_NEW_0150,Kurdo,Unknown,,,,Auto-generated,,,,0.0,0.0,,
ART_NEW_0151,Majoe,Unknown,,,,Auto-generated,,,,0.0,0.0,,
ART_NEW_0152,Red Cafe,Unknown,,,,Auto-generated,,,,0.0,0.0,,
ART_NEW_0153,Nerissima Serpe,Unknown,,,,Auto-generated,,,,0.0,0.0,,
ART_NEW_0154,Izio Sklero,Unknown,,,,Auto-generated,,,,0.0,0.0,,
ART_NEW_0155,Peppino Di Capri,Unknown,,,,Auto-generated,,,,0.0,0.0,,
ART_NEW_0156,Aban,Unknown,,,,Auto-generated,,,,0.0,0.0,,
ART_NEW_0157,Duke Montana,Unknown,,,,Auto-generated,,,,0.0,0.0,,
ART_NEW_0158,Royal Mehdi,Unknown,,,,Auto-generated,,,,0.0,0.0,,
ART_NEW_0159,Sgarra,Unknown,,,,Auto-generated,,,,0.0,0.0,,
ART_NEW_0160,Terron Fabio,Unknown,,,,Auto-generated,,,,0.0,0.0,,
ART_NEW_0161,Pronto,Unknown,,,,Auto-generated,,,,0.0,0.0,,
ART_NEW_0162,Ted Bee,Unknown,,,,Auto-generated,,,,0.0,0.0,,
ART_NEW_0163,T-Mez,Unknown,,,,Auto-generated,,,,0.0,0.0,,
ART_NEW_0164,Tek Money,Unknown,,,,Auto-generated,,,,0.0,0.0,,
ART_NEW_0165,Mutoidz,Unknown,,,,Auto-generated,,,,0.0,0.0,,
ART_NEW_0166,Rischio,Unknown,,,,Auto-generated,,,,0.0,0.0,,
ART_NEW_0167,FatFatCorfunk,Unknown,,,,Auto-generated,,,,0.0,0.0,,
ART_NEW_0168,Reverendo,Unknown,,,,Auto-generated,,,,0.0,0.0,,
ART_NEW_0169,G-Max,Unknown,,,,Auto-generated,,,,0.0,0.0,,
ART_NEW_0170,Chief (ITA),Unknown,,,,Auto-generated,,,,0.0,0.0,,
ART_NEW_0171,Ask?,Unknown,,,,Auto-generated,,,,0.0,0.0,,
ART_NEW_0172,Amir Issaa,Unknown,,,,Auto-generated,,,,0.0,0.0,,
ART_NEW_0173,Santo Trafficante,Unknown,,,,Auto-generated,,,,0.0,0.0,,
ART_NEW_0174,Esa,Unknown,,,,Auto-generated,,,,0.0,0.0,,
ART_NEW_0175,Fuossera,Unknown,,,,Auto-generated,,,,0.0,0.0,,
ART_NEW_0176,Co’Sang,Unknown,,,,Auto-generated,,,,0.0,0.0,,
ART_NEW_0177,Jack Jaselli,Unknown,,,,Auto-generated,,,,0.0,0.0,,
ART_NEW_0178,Gora (ESP),Unknown,,,,Auto-generated,,,,0.0,0.0,,
ART_NEW_0179,Killa Mazi,Unknown,,,,Auto-generated,,,,0.0,0.0,,
ART_NEW_0180,Gionni Grano,Unknown,,,,Auto-generated,,,,0.0,0.0,,
ART_NEW_0181,Tommy Poldo,Unknown,,,,Auto-generated,,,,0.0,0.0,,
ART_NEW_0182,Karkadan,Unknown,,,,Auto-generated,,,,0.0,0.0,,
ART_NEW_0183,Ganji Killah,Unknown,,,,Auto-generated,,,,0.0,0.0,,
ART_NEW_0184,Ricardo,Unknown,,,,Auto-generated,,,,0.0,0.0,,
ART_NEW_0185,Elmatadormc7,Unknown,,,,Auto-generated,,,,0.0,0.0,,
ART_NEW_0186,Sebastian / Killa Cali,Unknown,,,,Auto-generated,,,,0.0,0.0,,
ART_NEW_0187,Elisa Bee,Unknown,,,,Auto-generated,,,,0.0,0.0,,
ART_NEW_0188,Digi G’Alessio,Unknown,,,,Auto-generated,,,,0.0,0.0,,
ART_NEW_0189,Epi,Unknown,,,,Auto-generated,,,,0.0,0.0,,
ART_NEW_0190,Slesh,Unknown,,,,Auto-generated,,,,0.0,0.0,,
ART_NEW_0191,Ckrono,Unknown,,,,Auto-generated,,,,0.0,0.0,,
ART_NEW_0192,BAD iDEA,Unknown,,,,Auto-generated,,,,0.0,0.0,,
ART_NEW_0193,2moellers,Unknown,,,,Auto-generated,,,,0.0,0.0,,
ART_NEW_0194,Mecna,Unknown,,,,Auto-generated,,,,0.0,0.0,,
ART_NEW_0195,Ninho,Unknown,,,,Auto-generated,,,,0.0,0.0,,
ART_NEW_0196,Gunna,Unknown,,,,Auto-generated,,,,0.0,0.0,,
ART_NEW_0197,A Boogie wit da Hoodie,Unknown,,,,Auto-generated,,,,0.0,0.0,,
ART_NEW_0198,Lil Tjay,Unknown,,,,Auto-generated,,,,0.0,0.0,,
ART_NEW_0199,Luciano,Unknown,,,,Auto-generated,,,,0.0,0.0,,
ART_NEW_0200,Yamba,Unknown,,,,Auto-generated,,,,0.0,0.0,,
ART_NEW_0201,Morad,Unknown,,,,Auto-generated,,,,0.0,0.0,,
ART_NEW_0202,Peppe Soks,Unknown,,,,Auto-generated,,,,0.0,0.0,,
ART_NEW_0203,Bresh,Unknown,,,,Auto-generated,,,,0.0,0.0,,
ART_NEW_0204,Aya Nakamura,Unknown,,,,Auto-generated,,,,0.0,0.0,,
ART_NEW_0205,Tion Wayne,Unknown,,,,Auto-generated,,,,0.0,0.0,,
ART_NEW_0206,Gazo,Unknown,,,,Auto-generated,,,,0.0,0.0,,
ART_NEW_0207,Russ Millions,Unknown,,,,Auto-generated,,,,0.0,0.0,,
ART_NEW_0208,Koba LaD,Unknown,,,,Auto-generated,,,,0.0,0.0,,
ART_NEW_0209,Leto,Unknown,,,,Auto-generated,,,,0.0,0.0,,
ART_NEW_0210,Lil Keed,Unknown,,,,Auto-generated,,,,0.0,0.0,,
ART_NEW_0211,Deal Pacino,Unknown,,,,Auto-generated,,,,0.0,0.0,,
ART_NEW_0212,AJ Tracey,Unknown,,,,Auto-generated,,,,0.0,0.0,,
ART_NEW_0213,Ugo Borghetti,Unknown,,,,Auto-generated,,,,0.0,0.0,,
ART_NEW_0214,Generic Animal,Unknown,,,,Auto-generated,,,,0.0,0.0,,
ART_NEW_0215,J Lord,Unknown,,,,Auto-generated,,,,0.0,0.0,,
ART_NEW_0216,Venerus,Unknown,,,,Auto-generated,,,,0.0,0.0,,
ART_NEW_0217,Fight Pausa,Unknown,,,,Auto-generated,,,,0.0,0.0,,
ART_NEW_0218,Baby Gang,Unknown,,,,Auto-generated,,,,0.0,0.0,,
ART_NEW_0219,Rafilù,Unknown,,,,Auto-generated,,,,0.0,0.0,,
ART_NEW_0220,Niko Pandetta,Unknown,,,,Auto-generated,,,,0.0,0.0,,
ART_NEW_0221,Gravante,Unknown,,,,Auto-generated,,,,0.0,0.0,,
ART_NEW_0222,Neima Ezza,Unknown,,,,Auto-generated,,,,0.0,0.0,,
ART_NEW_0223,Francesco Room,Unknown,,,,Auto-generated,,,,0.0,0.0,,
ART_NEW_0224,Jesto,Unknown,,,,Auto-generated,,,,0.0,0.0,,
ART_NEW_0225,Pedar,Unknown,,,,Auto-generated,,,,0.0,0.0,,
ART_NEW_0226,Blue Virus,Unknown,,,,Auto-generated,,,,0.0,0.0,,
ART_NEW_0227,Garcia pá,Unknown,,,,Auto-generated,,,,0.0,0.0,,
ART_NEW_0228,Slava,Unknown,,,,Auto-generated,,,,0.0,0.0,,
ART_NEW_0229,TempoXso,Unknown,,,,Auto-generated,,,,0.0,0.0,,
ART_NEW_0230,Diluvio,Unknown,,,,Auto-generated,,,,0.0,0.0,,
ART_NEW_0231,Mr.Cioni,Unknown,,,,Auto-generated,,,,0.0,0.0,,
ART_NEW_0232,Feid,Unknown,,,,Auto-generated,,,,0.0,0.0,,
ART_NEW_0233,Angèle,Unknown,,,,Auto-generated,,,,0.0,0.0,,
ART_NEW_0234,Woodkid,Unknown,,,,Auto-generated,,,,0.0,0.0,,
ART_NEW_0235,Slim Soledad,Unknown,,,,Auto-generated,,,,0.0,0.0,,
ART_NEW_0236,Il Muro del Canto,Unknown,,,,Auto-generated,,,,0.0,0.0,,
ART_NEW_0237,DJ Myke,Unknown,,,,Auto-generated,,,,0.0,0.0,,
ART_NEW_0238,Turi,Unknown,,,,Auto-generated,,,,0.0,0.0,,
ART_NEW_0239,Primo Brown,Unknown,,,,Auto-generated,,,,0.0,0.0,,
ART_NEW_0240,Jenny B,Unknown,,,,Auto-generated,,,,0.0,0.0,,
ART_NEW_0241,Danno,Unknown,,,,Auto-generated,,,,0.0,0.0,,
ART_NEW_0242,MC Giaime,Unknown,,,,Auto-generated,,,,0.0,0.0,,
ART_NEW_0243,Lascars,Unknown,,,,Auto-generated,,,,0.0,0.0,,
ART_NEW_0244,Kobb D,Unknown,,,,Auto-generated,,,,0.0,0.0,,
ART_NEW_0245,Djuba,Unknown,,,,Auto-generated,,,,0.0,0.0,,
ART_NEW_0246,Devon Martinez,Unknown,,,,Auto-generated,,,,0.0,0.0,,
ART_NEW_0247,Psyco Killa a.k.a. Kontempla,Unknown,,,,Auto-generated,,,,0.0,0.0,,
ART_NEW_0248,Fabio Zanello,Unknown,,,,Auto-generated,,,,0.0,0.0,,
ART_NEW_0249,Turi & Compari,Unknown,,,,Auto-generated,,,,0.0,0.0,,
ART_NEW_0250,Assalti Frontali,Unknown,,,,Auto-generated,,,,0.0,0.0,,
ART_NEW_0251,Tiromancino,Unknown,,,,Auto-generated,,,,0.0,0.0,,
ART_NEW_0252,Modena City Ramblers,Unknown,,,,Auto-generated,,,,0.0,0.0,,
ART_NEW_0253,Adriano Viterbini,Unknown,,,,Auto-generated,,,,0.0,0.0,,
ART_NEW_0254,Francesco Di Giacomo,Unknown,,,,Auto-generated,,,,0.0,0.0,,
ART_NEW_0255,Bunna,Unknown,,,,Auto-generated,,,,0.0,0.0,,
ART_NEW_0256,Ginko,Unknown,,,,Auto-generated,,,,0.0,0.0,,
ART_NEW_0257,Kadim Fall,Unknown,,,,Auto-generated,,,,0.0,0.0,,
ART_NEW_0258,Deca,Unknown,,,,Auto-generated,,,,0.0,0.0,,
ART_NEW_0259,D-Bus,Unknown,,,,Auto-generated,,,,0.0,0.0,,
ART_NEW_0260,Mariangela,Unknown,,,,Auto-generated,,,,0.0,0.0,,
ART_NEW_0261,DJ Phella,Unknown,,,,Auto-generated,,,,0.0,0.0,,
ART_NEW_0262,Afu-Ra,Unknown,,,,Auto-generated,,,,0.0,0.0,,
ART_NEW_0263,Alice,Unknown,,,,Auto-generated,,,,0.0,0.0,,
ART_NEW_0264,Andrea Ra,Unknown,,,,Auto-generated,,,,0.0,0.0,,
ART_NEW_0265,Tony Blescia,Unknown,,,,Auto-generated,,,,0.0,0.0,,
ART_NEW_0266,Big Fish,Unknown,,,,Auto-generated,,,,0.0,0.0,,
ART_NEW_0267,Federica Carta,Unknown,,,,Auto-generated,,,,0.0,0.0,,
ART_NEW_0268,Erika Lei,Unknown,,,,Auto-generated,,,,0.0,0.0,,
ART_NEW_0269,Alice Pagani,Unknown,,,,Auto-generated,,,,0.0,0.0,,
ART_NEW_0270,TheRivati,Unknown,,,,Auto-generated,,,,0.0,0.0,,
ART_NEW_0271,Boomdabash,Unknown,,,,Auto-generated,,,,0.0,0.0,,
ART_NEW_0272,Mama Marjas,Unknown,,,,Auto-generated,,,,0.0,0.0,,
ART_NEW_0273,Nello Taver,Unknown,,,,Auto-generated,,,,0.0,0.0,,
ART_NEW_0274,Mattak,Unknown,,,,Auto-generated,,,,0.0,0.0,,
ART_NEW_0275,Nicola Siciliano,Unknown,,,,Auto-generated,,,,0.0,0.0,,
ART_NEW_0276,Francesco Paura,Unknown,,,,Auto-generated,,,,0.0,0.0,,
ART_NEW_0277,LA NIÑA,Unknown,,,,Auto-generated,,,,0.0,0.0,,
ART_NEW_0278,Morfuco,Unknown,,,,Auto-generated,,,,0.0,0.0,,
ART_NEW_0279,Patto MC,Unknown,,,,Auto-generated,,,,0.0,0.0,,
ART_NEW_0280,Tonico 70,Unknown,,,,Auto-generated,,,,0.0,0.0,,
ART_NEW_0281,MC Polo,Unknown,,,,Auto-generated,,,,0.0,0.0,,
ART_NEW_0282,Ale Zin,Unknown,,,,Auto-generated,,,,0.0,0.0,,
ART_NEW_0283,Speaker Cenzou,Unknown,,,,Auto-generated,,,,0.0,0.0,,
ART_NEW_0284,Uomodisu,Unknown,,,,Auto-generated,,,,0.0,0.0,,
ART_NEW_0285,Rametto,Unknown,,,,Auto-generated,,,,0.0,0.0,,
ART_NEW_0286,Rob Shamantide,Unknown,,,,Auto-generated,,,,0.0,0.0,,
ART_NEW_0287,Op’Rot,Unknown,,,,Auto-generated,,,,0.0,0.0,,
ART_NEW_0288,Kapwan,Unknown,,,,Auto-generated,,,,0.0,0.0,,
ART_NEW_0289,Dope One,Unknown,,,,Auto-generated,,,,0.0,0.0,,
ART_NEW_0290,Svez,Unknown,,,,Auto-generated,,,,0.0,0.0,,
ART_NEW_0291,Ekspo,Unknown,,,,Auto-generated,,,,0.0,0.0,,
ART_NEW_0292,Shaone,Unknown,,,,Auto-generated,,,,0.0,0.0,,
ART_NEW_0293,Sangue Mostro,Unknown,,,,Auto-generated,,,,0.0,0.0,,
ART_NEW_0294,El Koyote,Unknown,,,,Auto-generated,,,,0.0,0.0,,
ART_NEW_0295,Valerio Nazo,Unknown,,,,Auto-generated,,,,0.0,0.0,,
ART_NEW_0296,Dome Flame,Unknown,,,,Auto-generated,,,,0.0,0.0,,
ART_NEW_0297,Master Prod,Unknown,,,,Auto-generated,,,,0.0,0.0,,
ART_NEW_0298,Emcee O’Zi,Unknown,,,,Auto-generated,,,,0.0,0.0,,
ART_NEW_0299,Skarraphone,Unknown,,,,Auto-generated,,,,0.0,0.0,,
ART_NEW_0300,Ivan,Unknown,,,,Auto-generated,,,,0.0,0.0,,
ART_NEW_0301,Oyoshe,Unknown,,,,Auto-generated,,,,0.0,0.0,,
ART_NEW_0302,Peste Mc,Unknown,,,,Auto-generated,,,,0.0,0.0,,
ART_NEW_0303,Lucariello,Unknown,,,,Auto-generated,,,,0.0,0.0,,
ART_NEW_0304,Fabio Farti,Unknown,,,,Auto-generated,,,,0.0,0.0,,
ART_NEW_0305,Pino Daniele,Unknown,,,,Auto-generated,,,,0.0,0.0,,
ART_NEW_0306,Mouri,Unknown,,,,Auto-generated,,,,0.0,0.0,,
ART_NEW_0307,Meg,Unknown,,,,Auto-generated,,,,0.0,0.0,,
ART_NEW_0308,Kiave,Unknown,,,,Auto-generated,,,,0.0,0.0,,
ART_NEW_0309,Negrita,Unknown,,,,Auto-generated,,,,0.0,0.0,,
ART_NEW_0310,ILL BILL,Unknown,,,,Auto-generated,,,,0.0,0.0,,
ART_NEW_0311,Gigi Finizio,Unknown,,,,Auto-generated,,,,0.0,0.0,,
ART_NEW_0312,Jovanotti,Unknown,,,,Auto-generated,,,,0.0,0.0,,
ART_NEW_0313,R.A. The Rugged Man,Unknown,,,,Auto-generated,,,,0.0,0.0,,
ART_NEW_0314,Il Cile,Unknown,,,,Auto-generated,,,,0.0,0.0,,
ART_NEW_0315,James Senese,Unknown,,,,Auto-generated,,,,0.0,0.0,,
ART_NEW_0316,Pulce,Unknown,,,,Auto-generated,,,,0.0,0.0,,
ART_NEW_0317,Op’ Rot of GanjaFarm,Unknown,,,,Auto-generated,,,,0.0,0.0,,
ART_NEW_0318,Phil-One,Unknown,,,,Auto-generated,,,,0.0,0.0,,
ART_NEW_0319,DJ Snatch,Unknown,,,,Auto-generated,,,,0.0,0.0,,
ART_NEW_0320,Dope1,Unknown,,,,Auto-generated,,,,0.0,0.0,,
ART_NEW_0321,Capone (NA),Unknown,,,,Auto-generated,,,,0.0,0.0,,
ART_NEW_0322,Kapone (ITA),Unknown,,,,Auto-generated,,,,0.0,0.0,,
ART_NEW_0323,Lucio Dalla,Unknown,,,,Auto-generated,,,,0.0,0.0,,
ART_NEW_0324,Lello Romano,Unknown,,,,Auto-generated,,,,0.0,0.0,,
ART_NEW_0325,Tavornuncia,Unknown,,,,Auto-generated,,,,0.0,0.0,,
ART_NEW_0326,Silviatrank,Unknown,,,,Auto-generated,,,,0.0,0.0,,
ART_NEW_0327,OneMic,Unknown,,,,Auto-generated,,,,0.0,0.0,,
ART_NEW_0328,Malva (ITA),Unknown,,,,Auto-generated,,,,0.0,0.0,,
ART_NEW_0329,Robertino MC,Unknown,,,,Auto-generated,,,,0.0,0.0,,
ART_NEW_0330,Giuliano Palma,Unknown,,,,Auto-generated,,,,0.0,0.0,,
ART_NEW_0331,Poopatch,Unknown,,,,Auto-generated,,,,0.0,0.0,,
ART_NEW_0332,Arisa,Unknown,,,,Auto-generated,,,,0.0,0.0,,
ART_NEW_0333,LamaIslam,Unknown,,,,Auto-generated,,,,0.0,0.0,,
ART_NEW_0334,Liv L’Raynge,Unknown,,,,Auto-generated,,,,0.0,0.0,,
ART_NEW_0335,Datura,Unknown,,,,Auto-generated,,,,0.0,0.0,,
ART_NEW_0336,Mc Mars,Unknown,,,,Auto-generated,,,,0.0,0.0,,
ART_NEW_0337,Adam Clay,Unknown,,,,Auto-generated,,,,0.0,0.0,,
ART_NEW_0338,Totò Mezzolla,Unknown,,,,Auto-generated,,,,0.0,0.0,,
ART_NEW_0339,Emiliano Pepe,Unknown,,,,Auto-generated,,,,0.0,0.0,,
ART_NEW_0340,Santy DJ,Unknown,,,,Auto-generated,,,,0.0,0.0,,
ART_NEW_0341,Kool G Rap,Unknown,,,,Auto-generated,,,,0.0,0.0,,
ART_NEW_0342,Roberto Baldi,Unknown,,,,Auto-generated,,,,0.0,0.0,,
ART_NEW_0343,Zenîma,Unknown,,,,Auto-generated,,,,0.0,0.0,,
ART_NEW_0344,Stylophonic,Unknown,,,,Auto-generated,,,,0.0,0.0,,
ART_NEW_0345,DJ Zak,Unknown,,,,Auto-generated,,,,0.0,0.0,,
ART_NEW_0346,Infamous Mobb,Unknown,,,,Auto-generated,,,,0.0,0.0,,
ART_NEW_0347,Cris Cab,Unknown,,,,Auto-generated,,,,0.0,0.0,,
ART_NEW_0348,Carlo Lucarelli,Unknown,,,,Auto-generated,,,,0.0,0.0,,
ART_NEW_0349,Mic Meskin,Unknown,,,,Auto-generated,,,,0.0,0.0,,
ART_NEW_0350,Power Francers,Unknown,,,,Auto-generated,,,,0.0,0.0,,
ART_NEW_0351,Francesco Mandelli,Unknown,,,,Auto-generated,,,,0.0,0.0,,
ART_NEW_0352,Fabrizio Bigio,Unknown,,,,Auto-generated,,,,0.0,0.0,,
ART_NEW_0353,Daniel Vit,Unknown,,,,Auto-generated,,,,0.0,0.0,,
ART_NEW_0354,Dawn (ITA),Unknown,,,,Auto-generated,,,,0.0,0.0,,
ART_NEW_0355,Tosca Donati,Unknown,,,,Auto-generated,,,,0.0,0.0,,
ART_NEW_0356,Al’ Tariq,Unknown,,,,Auto-generated,,,,0.0,0.0,,
ART_NEW_0357,Black Attack,Unknown,,,,Auto-generated,,,,0.0,0.0,,
ART_NEW_0358,Torch,Unknown,,,,Auto-generated,,,,0.0,0.0,,
ART_NEW_0359,Rival Capone,Unknown,,,,Auto-generated,,,,0.0,0.0,,
ART_NEW_0360,Katiuscia e Natascia Queens of Ciarda,Unknown,,,,Auto-generated,,,,0.0,0.0,,
ART_NEW_0361,MC Thorn,Unknown,,,,Auto-generated,,,,0.0,0.0,,
ART_NEW_0362,Marya,Unknown,,,,Auto-generated,,,,0.0,0.0,,
ART_NEW_0363,Sab Sista,Unknown,,,,Auto-generated,,,,0.0,0.0,,
ART_NEW_0364,Polare,Unknown,,,,Auto-generated,,,,0.0,0.0,,
ART_NEW_0365,Kikke,Unknown,,,,Auto-generated,,,,0.0,0.0,,
ART_NEW_0366,Soul Boy,Unknown,,,,Auto-generated,,,,0.0,0.0,,
ART_NEW_0367,Thegiornalisti,Unknown,,,,Auto-generated,,,,0.0,0.0,,
ART_NEW_0368,COLAPESCEDIMARTINO,Unknown,,,,Auto-generated,,,,0.0,0.0,,
ART_NEW_0369,Al Castellana,Unknown,,,,Auto-generated,,,,0.0,0.0,,
ART_NEW_0370,Diego Mancino,Unknown,,,,Auto-generated,,,,0.0,0.0,,
ART_NEW_0371,Maurizio Carucci,Unknown,,,,Auto-generated,,,,0.0,0.0,,
ART_NEW_0372,Emma,Unknown,,,,Auto-generated,,,,0.0,0.0,,
ART_NEW_0373,Francesca Michielin,Unknown,,,,Auto-generated,,,,0.0,0.0,,
ART_NEW_0374,Gel,Unknown,,,,Auto-generated,,,,0.0,0.0,,
ART_NEW_0375,Federico Zampaglione,Unknown,,,,Auto-generated,,,,0.0,0.0,,
ART_NEW_0376,Youssoupha,Unknown,,,,Auto-generated,,,,0.0,0.0,,
ART_NEW_0377,Metal Carter,Unknown,,,,Auto-generated,,,,0.0,0.0,,
ART_NEW_0378,Claver Gold,Unknown,,,,Auto-generated,,,,0.0,0.0,,
ART_NEW_0379,Tredici Pietro,Unknown,,,,Auto-generated,,,,0.0,0.0,,
ART_NEW_0380,Simona Barbieri McKenzie,Unknown,,,,Auto-generated,,,,0.0,0.0,,
ART_NEW_0381,Gianna Nannini,Unknown,,,,Auto-generated,,,,0.0,0.0,,
ART_NEW_0382,Tommy Kuti,Unknown,,,,Auto-generated,,,,0.0,0.0,,
ART_NEW_0383,Redman,Unknown,,,,Auto-generated,,,,0.0,0.0,,
ART_NEW_0384,Soprano,Unknown,,,,Auto-generated,,,,0.0,0.0,,
ART_NEW_0385,DJ Double S,Unknown,,,,Auto-generated,,,,0.0,0.0,,
ART_NEW_0386,Supa (CDB),Unknown,,,,Auto-generated,,,,0.0,0.0,,
ART_NEW_0387,Svedonio,Unknown,,,,Auto-generated,,,,0.0,0.0,,
ART_NEW_0388,Davide Tagliapietra,Unknown,,,,Auto-generated,,,,0.0,0.0,,
ART_NEW_0389,Marco Zangirolami,Unknown,,,,Auto-generated,,,,0.0,0.0,,
ART_NEW_0390,Tiziano Ferro,Unknown,,,,Auto-generated,,,,0.0,0.0,,
ART_NEW_0391,Gigi D’Alessio,Unknown,,,,Auto-generated,,,,0.0,0.0,,
ART_NEW_0392,Lele Adani,Unknown,,,,Auto-generated,,,,0.0,0.0,,
ART_NEW_0393,Maccio Capatonda,Unknown,,,,Auto-generated,,,,0.0,0.0,,
ART_NEW_0394,Chiara,Unknown,,,,Auto-generated,,,,0.0,0.0,,
ART_NEW_0395,Manuela Manca,Unknown,,,,Auto-generated,,,,0.0,0.0,,
ART_NEW_0396,Eros Ramazzotti,Unknown,,,,Auto-generated,,,,0.0,0.0,,
ART_NEW_0397,Mario Biondi,Unknown,,,,Auto-generated,,,,0.0,0.0,,
ART_NEW_0398,Zoa (ITA),Unknown,,,,Auto-generated,,,,0.0,0.0,,
ART_NEW_0399,Irama,Unknown,,,,Auto-generated,,,,0.0,0.0,,
ART_NEW_0400,Dj 2Mani,Unknown,,,,Auto-generated,,,,0.0,0.0,,
ART_NEW_0401,Frank Siciliano,Unknown,,,,Auto-generated,,,,0.0,0.0,,
ART_NEW_0402,DJ Shocca,Unknown,,,,Auto-generated,,,,0.0,0.0,,
ART_NEW_0403,Stokka & MadBuddy,Unknown,,,,Auto-generated,,,,0.0,0.0,,
ART_NEW_0404,Giallo,Unknown,,,,Auto-generated,,,,0.0,0.0,,
ART_NEW_0405,Surow,Unknown,,,,Auto-generated,,,,0.0,0.0,,
ART_NEW_0406,Spregiudicati,Unknown,,,,Auto-generated,,,,0.0,0.0,,
ART_NEW_0407,Ze In The Clouds,Unknown,,,,Auto-generated,,,,0.0,0.0,,
ART_NEW_0408,Rido MC,Unknown,,,,Auto-generated,,,,0.0,0.0,,
ART_NEW_0409,DJ Tsura,Unknown,,,,Auto-generated,,,,0.0,0.0,,
ART_NEW_0410,Cali (ITA),Unknown,,,,Auto-generated,,,,0.0,0.0,,
ART_NEW_0411,MadBuddy,Unknown,,,,Auto-generated,,,,0.0,0.0,,
ART_NEW_0412,Giancarlo Gentili,Unknown,,,,Auto-generated,,,,0.0,0.0,,
ART_NEW_0413,Giuann Shadai,Unknown,,,,Auto-generated,,,,0.0,0.0,,
ART_NEW_0414,DJ Dabito,Unknown,,,,Auto-generated,,,,0.0,0.0,,
ART_NEW_0415,Noemi,Unknown,,,,Auto-generated,,,,0.0,0.0,,
ART_NEW_0416,Disme,Unknown,,,,Auto-generated,,,,0.0,0.0,,
ART_NEW_0417,Mazza Ken,Unknown,,,,Auto-generated,,,,0.0,0.0,,
ART_NEW_0418,Big Rapo,Unknown,,,,Auto-generated,,,,0.0,0.0,,
ART_NEW_0419,Il Turco,Unknown,,,,Auto-generated,,,,0.0,0.0,,
ART_NEW_0420,Chapo 9th,Unknown,,,,Auto-generated,,,,0.0,0.0,,
ART_NEW_0421,DJ Jay-K,Unknown,,,,Auto-generated,,,,0.0,0.0,,
ART_NEW_0422,Joe Cassano,Unknown,,,,Auto-generated,,,,0.0,0.0,,
ART_NEW_0423,Gianni K.G.,Unknown,,,,Auto-generated,,,,0.0,0.0,,
ART_NEW_0424,Mopashà,Unknown,,,,Auto-generated,,,,0.0,0.0,,
ART_NEW_0425,Mc Casaoui,Unknown,,,,Auto-generated,,,,0.0,0.0,,
ART_NEW_0426,Real Ava,Unknown,,,,Auto-generated,,,,0.0,0.0,,
ART_NEW_0427,Balo1,Unknown,,,,Auto-generated,,,,0.0,0.0,,
ART_NEW_0428,Zinghero,Unknown,,,,Auto-generated,,,,0.0,0.0,,
ART_NEW_0429,Nunzio StreetChild,Unknown,,,,Auto-generated,,,,0.0,0.0,,
ART_NEW_0430,Youss Yakuza,Unknown,,,,Auto-generated,,,,0.0,0.0,,
ART_NEW_0431,Nest (ITA),Unknown,,,,Auto-generated,,,,0.0,0.0,,
ART_NEW_0432,Tandem,Unknown,,,,Auto-generated,,,,0.0,0.0,,
ART_NEW_0433,Samuel,Unknown,,,,Auto-generated,,,,0.0,0.0,,
ART_NEW_0434,Nina Zilli,Unknown,,,,Auto-generated,,,,0.0,0.0,,
ART_NEW_0435,Brenno Itani,Unknown,,,,Auto-generated,,,,0.0,0.0,,
ART_NEW_0436,Brain (ITA),Unknown,,,,Auto-generated,,,,0.0,0.0,,
ART_NEW_0437,Lil Dap,Unknown,,,,Auto-generated,,,,0.0,0.0,,
ART_NEW_0438,Tino Tracanna,Unknown,,,,Auto-generated,,,,0.0,0.0,,
ART_NEW_0439,Lady T,Unknown,,,,Auto-generated,,,,0.0,0.0,,
ART_NEW_0440,Mark One,Unknown,,,,Auto-generated,,,,0.0,0.0,,
ART_NEW_0441,Blumosso,Unknown,,,,Auto-generated,,,,0.0,0.0,,
ART_NEW_0442,Mad Dopa,Unknown,,,,Auto-generated,,,,0.0,0.0,,
ART_NEW_0443,Chiky Realeza,Unknown,,,,Auto-generated,,,,0.0,0.0,,
ART_NEW_0444,Barrabravas,Unknown,,,,Auto-generated,,,,0.0,0.0,,
ART_NEW_0445,King Dest,Unknown,,,,Auto-generated,,,,0.0,0.0,,
ART_NEW_0446,Favelas JFlouss,Unknown,,,,Auto-generated,,,,0.0,0.0,,
ART_NEW_0447,Asher Kuno,Unknown,,,,Auto-generated,,,,0.0,0.0,,
ART_NEW_0448,Luca Blindo,Unknown,,,,Auto-generated,,,,0.0,0.0,,
ART_NEW_0449,Awa Mirone,Unknown,,,,Auto-generated,,,,0.0,0.0,,
ART_NEW_0450,Afrob (DEU),Unknown,,,,Auto-generated,,,,0.0,0.0,,
ART_NEW_0451,Sandreasy,Unknown,,,,Auto-generated,,,,0.0,0.0,,
ART_NEW_0452,Giulia Spallino,Unknown,,,,Auto-generated,,,,0.0,0.0,,
ART_NEW_0453,Deda,Unknown,,,,Auto-generated,,,,0.0,0.0,,
ART_NEW_0454,Fadamat,Unknown,,,,Auto-generated,,,,0.0,0.0,,
ART_NEW_0455,Tekno Mobil Squad,Unknown,,,,Auto-generated,,,,0.0,0.0,,
ART_NEW_0456,El Rae Reale,Unknown,,,,Auto-generated,,,,0.0,0.0,,
ART_NEW_0457,Solo Zippo,Unknown,,,,Auto-generated,,,,0.0,0.0,,
ART_NEW_0458,Thug Team,Unknown,,,,Auto-generated,,,,0.0,0.0,,
ART_NEW_0459,Ov (ITA),Unknown,,,,Auto-generated,,,,0.0,0.0,,
ART_NEW_0460,Zibba,Unknown,,,,Auto-generated,,,,0.0,0.0,,
ART_NEW_0461,Mefisto Brass,Unknown,,,,Auto-generated,,,,0.0,0.0,,
ART_NEW_0462,Miriam Ayaba,Unknown,,,,Auto-generated,,,,0.0,0.0,,
ART_NEW_0463,Alessio La Profunda Melodia,Unknown,,,,Auto-generated,,,,0.0,0.0,,
ART_NEW_0464,8blevrai,Unknown,,,,Auto-generated,,,,0.0,0.0,,
ART_NEW_0465,Ana Mena,Unknown,,,,Auto-generated,,,,0.0,0.0,,
ART_NEW_0466,​anice,Unknown,,,,Auto-generated,,,,0.0,0.0,,
ART_NEW_0467,Luca Carboni,Unknown,,,,Auto-generated,,,,0.0,0.0,,
ART_NEW_0468,Brancar,Unknown,,,,Auto-generated,,,,0.0,0.0,,
ART_NEW_0469,Katerfrancers,Unknown,,,,Auto-generated,,,,0.0,0.0,,
ART_NEW_0470,Dj Kipp Kill,Unknown,,,,Auto-generated,,,,0.0,0.0,,
ART_NEW_0471,Lous and The Yakuza,Unknown,,,,Auto-generated,,,,0.0,0.0,,
ART_NEW_0472,Mozart La Para,Unknown,,,,Auto-generated,,,,0.0,0.0,,
ART_NEW_0473,Damian Marley,Unknown,,,,Auto-generated,,,,0.0,0.0,,
ART_NEW_0474,Davide Shorty,Unknown,,,,Auto-generated,,,,0.0,0.0,,
ART_NEW_0475,Peter Bass,Unknown,,,,Auto-generated,,,,0.0,0.0,,
ART_NEW_0476,MezzoSangue,Unknown,,,,Auto-generated,,,,0.0,0.0,,
ART_NEW_0477,NIO (ITA),Unknown,,,,Auto-generated,,,,0.0,0.0,,
ART_NEW_0478,Post Nebbia,Unknown,,,,Auto-generated,,,,0.0,0.0,,
ART_NEW_0479,DJ Beta Scratches,Unknown,,,,Auto-generated,,,,0.0,0.0,,
ART_NEW_0480,JSN,Unknown,,,,Auto-generated,,,,0.0,0.0,,
ART_NEW_0481,Thoé (ITA),Unknown,,,,Auto-generated,,,,0.0,0.0,,
ART_NEW_0482,Kae (ITA),Unknown,,,,Auto-generated,,,,0.0,0.0,,
ART_NEW_0483,Patrick Benifei,Unknown,,,,Auto-generated,,,,0.0,0.0,,
ART_NEW_0484,Louis Dee,Unknown,,,,Auto-generated,,,,0.0,0.0,,
ART_NEW_0485,Hyst,Unknown,,,,Auto-generated,,,,0.0,0.0,,
ART_NEW_0486,Stokka,Unknown,,,,Auto-generated,,,,0.0,0.0,,
ART_NEW_0487,Rayden (ITA),Unknown,,,,Auto-generated,,,,0.0,0.0,,
ART_NEW_0488,Palla Da Phella,Unknown,,,,Auto-generated,,,,0.0,0.0,,
ART_NEW_0489,Central Cee,Unknown,,,,Auto-generated,,,,0.0,0.0,,
ART_NEW_0490,Sacky,Unknown,,,,Auto-generated,,,,0.0,0.0,,
ART_NEW_0491,Vale Pain,Unknown,,,,Auto-generated,,,,0.0,0.0,,
ART_NEW_0492,Abby 6ix,Unknown,,,,Auto-generated,,,,0.0,0.0,,
ART_NEW_0493,NLE Choppa,Unknown,,,,Auto-generated,,,,0.0,0.0,,
ART_NEW_0494,Keta,Unknown,,,,Auto-generated,,,,0.0,0.0,,
ART_NEW_0495,​Margola,Unknown,,,,Auto-generated,,,,0.0,0.0,,
ART_NEW_0496,Faneto,Unknown,,,,Auto-generated,,,,0.0,0.0,,
ART_NEW_0497,BLP KOSHER,Unknown,,,,Auto-generated,,,,0.0,0.0,,
ART_NEW_0498,Nemzzz,Unknown,,,,Auto-generated,,,,0.0,0.0,,
ART_NEW_0499,Freeze Corleone,Unknown,,,,Auto-generated,,,,0.0,0.0,,
ART_NEW_0500,Badda TD,Unknown,,,,Auto-generated,,,,0.0,0.0,,
ART_NEW_0501,Quavo,Unknown,,,,Auto-generated,,,,0.0,0.0,,
ART_NEW_0502,Future,Unknown,,,,Auto-generated,,,,0.0,0.0,,
ART_NEW_0503,Offset,Unknown,,,,Auto-generated,,,,0.0,0.0,,
ART_NEW_0504,SCH,Unknown,,,,Auto-generated,,,,0.0,0.0,,
ART_NEW_0505,7ARI,Unknown,,,,Auto-generated,,,,0.0,0.0,,
ART_NEW_0506,Steve Aoki,Unknown,,,,Auto-generated,,,,0.0,0.0,,
ART_NEW_0507,Lil Mosey,Unknown,,,,Auto-generated,,,,0.0,0.0,,
ART_NEW_0508,Miami Yacine,Unknown,,,,Auto-generated,,,,0.0,0.0,,
ART_NEW_0509,Lil Durk,Unknown,,,,Auto-generated,,,,0.0,0.0,,
ART_NEW_0510,PnB Rock,Unknown,,,,Auto-generated,,,,0.0,0.0,,
ART_NEW_0511,Rich The Kid,Unknown,,,,Auto-generated,,,,0.0,0.0,,
ART_NEW_0512,Gordo (ITA),Unknown,,,,Auto-generated,,,,0.0,0.0,,
ART_NEW_0513,Tinie Tempah,Unknown,,,,Auto-generated,,,,0.0,0.0,,
ART_NEW_0514,Denny La Home,Unknown,,,,Auto-generated,,,,0.0,0.0,,
ART_NEW_0515,Lary Over,Unknown,,,,Auto-generated,,,,0.0,0.0,,
ART_NEW_0516,​lowlow,Unknown,,,,Auto-generated,,,,0.0,0.0,,
ART_NEW_0517,Lacrim,Unknown,,,,Auto-generated,,,,0.0,0.0,,
ART_NEW_0518,Cima,Unknown,,,,Auto-generated,,,,0.0,0.0,,
ART_NEW_0519,Yago Dose,Unknown,,,,Auto-generated,,,,0.0,0.0,,
ART_NEW_0520,Hoodrich Pablo Juan,Unknown,,,,Auto-generated,,,,0.0,0.0,,
ART_NEW_0521,Smacco,Unknown,,,,Auto-generated,,,,0.0,0.0,,
ART_NEW_0522,Gotik,Unknown,,,,Auto-generated,,,,0.0,0.0,,
ART_NEW_0523,Masta Rais,Unknown,,,,Auto-generated,,,,0.0,0.0,,
ART_NEW_0524,Junior K,Unknown,,,,Auto-generated,,,,0.0,0.0,,
ART_NEW_0525,Brian Blaster,Unknown,,,,Auto-generated,,,,0.0,0.0,,
ART_NEW_0526,Ecstra,Unknown,,,,Auto-generated,,,,0.0,0.0,,
ART_NEW_0527,GionnyScandal,Unknown,,,,Auto-generated,,,,0.0,0.0,,
ART_NEW_0528,DARKO (ITA),Unknown,,,,Auto-generated,,,,0.0,0.0,,
ART_NEW_0529,TommySmoka,Unknown,,,,Auto-generated,,,,0.0,0.0,,
ART_NEW_0530,Romeo (ITA),Unknown,,,,Auto-generated,,,,0.0,0.0,,
ART_NEW_0531,Nico Flasher,Unknown,,,,Auto-generated,,,,0.0,0.0,,
ART_NEW_0532,YK Osiris,Unknown,,,,Auto-generated,,,,0.0,0.0,,
ART_NEW_0533,Killacat,Unknown,,,,Auto-generated,,,,0.0,0.0,,
ART_NEW_0534,Luca Aquino,Unknown,,,,Auto-generated,,,,0.0,0.0,,
ART_NEW_0535,Calibro 35,Unknown,,,,Auto-generated,,,,0.0,0.0,,
ART_NEW_0536,Diodato,Unknown,,,,Auto-generated,,,,0.0,0.0,,
ART_NEW_0537,Musteeno,Unknown,,,,Auto-generated,,,,0.0,0.0,,
ART_NEW_0538,Pete Philly,Unknown,,,,Auto-generated,,,,0.0,0.0,,
ART_NEW_0539,Andrea Nardinocchi,Unknown,,,,Auto-generated,,,,0.0,0.0,,
ART_NEW_0540,Franco Negrè,Unknown,,,,Auto-generated,,,,0.0,0.0,,
ART_NEW_0541,Malika Ayane,Unknown,,,,Auto-generated,,,,0.0,0.0,,
ART_NEW_0542,DJ Ronin,Unknown,,,,Auto-generated,,,,0.0,0.0,,
ART_NEW_0543,Tony Fine,Unknown,,,,Auto-generated,,,,0.0,0.0,,
ART_NEW_0544,Lory Asson,Unknown,,,,Auto-generated,,,,0.0,0.0,,
ART_NEW_0545,Paola Folli,Unknown,,,,Auto-generated,,,,0.0,0.0,,
ART_NEW_0546,Bruno De Filippi,Unknown,,,,Auto-generated,,,,0.0,0.0,,
ART_NEW_0547,Paola Turci,Unknown,,,,Auto-generated,,,,0.0,0.0,,
ART_NEW_0548,Lola Feghaly,Unknown,,,,Auto-generated,,,,0.0,0.0,,
ART_NEW_0549,Carmelo Saenz Menzoda,Unknown,,,,Auto-generated,,,,0.0,0.0,,
ART_NEW_0550,Bengi,Unknown,,,,Auto-generated,,,,0.0,0.0,,
ART_NEW_0551,LA SAD,Unknown,,,,Auto-generated,,,,0.0,0.0,,
ART_NEW_0552,Thema,Unknown,,,,Auto-generated,,,,0.0,0.0,,
ART_NEW_0553,Wonderbra (ITA),Unknown,,,,Auto-generated,,,,0.0,0.0,,
ART_NEW_0554,Paolo Brera,Unknown,,,,Auto-generated,,,,0.0,0.0,,
ART_NEW_0555,Kurtis Blow,Unknown,,,,Auto-generated,,,,0.0,0.0,,
ART_NEW_0556,Space One,Unknown,,,,Auto-generated,,,,0.0,0.0,,
ART_NEW_0557,Rosana,Unknown,,,,Auto-generated,,,,0.0,0.0,,
ART_NEW_0558,Coma_Cose,Unknown,,,,Auto-generated,,,,0.0,0.0,,
ART_NEW_0559,Spaghetti Funk,Unknown,,,,Auto-generated,,,,0.0,0.0,,
ART_NEW_0560,Mia Cooper (ITA),Unknown,,,,Auto-generated,,,,0.0,0.0,,
ART_NEW_0561,Bugo,Unknown,,,,Auto-generated,,,,0.0,0.0,,
ART_NEW_0562,Gianni Morandi,Unknown,,,,Auto-generated,,,,0.0,0.0,,
ART_NEW_0563,Francesca Touré,Unknown,,,,Auto-generated,,,,0.0,0.0,,
ART_NEW_0564,Strano,Unknown,,,,Auto-generated,,,,0.0,0.0,,
ART_NEW_0565,Phase 2,Unknown,,,,Auto-generated,,,,0.0,0.0,,
ART_NEW_0566,DJ Lugi,Unknown,,,,Auto-generated,,,,0.0,0.0,,
ART_NEW_0567,Kaos,Unknown,,,,Auto-generated,,,,0.0,0.0,,
ART_NEW_0568,Dre Love,Unknown,,,,Auto-generated,,,,0.0,0.0,,
ART_NEW_0569,TopCat (ITA),Unknown,,,,Auto-generated,,,,0.0,0.0,,
ART_NEW_0570,Fede (Lyricalz),Unknown,,,,Auto-generated,,,,0.0,0.0,,
ART_NEW_0571,Storyteller (rapper),Unknown,,,,Auto-generated,,,,0.0,0.0,,
ART_NEW_0572,Camelz Finnezza Click,Unknown,,,,Auto-generated,,,,0.0,0.0,,
ART_NEW_0573,Left Side (ITA),Unknown,,,,Auto-generated,,,,0.0,0.0,,
ART_NEW_0574,Chef Ragoo,Unknown,,,,Auto-generated,,,,0.0,0.0,,
ART_NEW_0575,DJ Gruff,Unknown,,,,Auto-generated,,,,0.0,0.0,,
ART_NEW_0576,Sean Daniel Martin,Unknown,,,,Auto-generated,,,,0.0,0.0,,
ART_NEW_0577,DJ Skizo,Unknown,,,,Auto-generated,,,,0.0,0.0,,
ART_NEW_0578,DJ Stile,Unknown,,,,Auto-generated,,,,0.0,0.0,,
ART_NEW_0579,Anna Marotta,Unknown,,,,Auto-generated,,,,0.0,0.0,,
ART_NEW_0580,Joshua (ITA),Unknown,,,,Auto-generated,,,,0.0,0.0,,
ART_NEW_0581,Joan Thiele,Unknown,,,,Auto-generated,,,,0.0,0.0,,
ART_NEW_0582,Elise (ITA),Unknown,,,,Auto-generated,,,,0.0,0.0,,
ART_NEW_0583,Mc Mell’O’,Unknown,,,,Auto-generated,,,,0.0,0.0,,
ART_NEW_0584,La Famiglia,Unknown,,,,Auto-generated,,,,0.0,0.0,,
ART_NEW_0585,Carri D,Unknown,,,,Auto-generated,,,,0.0,0.0,,
ART_NEW_0586,STE (cantante),Unknown,,,,Auto-generated,,,,0.0,0.0,,
ART_NEW_0587,Livio Cori,Unknown,,,,Auto-generated,,,,0.0,0.0,,
ART_NEW_0588,Wardogs (rap),Unknown,,,,Auto-generated,,,,0.0,0.0,,
ART_NEW_0589,Giuliano Palma & The Bluebeaters,Unknown,,,,Auto-generated,,,,0.0,0.0,,
ART_NEW_0590,Riccardo Sinigallia,Unknown,,,,Auto-generated,,,,0.0,0.0,,
ART_NEW_0591,Enrico Ruggeri,Unknown,,,,Auto-generated,,,,0.0,0.0,,
ART_NEW_0592,Roy Paci,Unknown,,,,Auto-generated,,,,0.0,0.0,,
ART_NEW_0593,Paola Cortellesi,Unknown,,,,Auto-generated,,,,0.0,0.0,,
ART_NEW_0594,Pacifico,Unknown,,,,Auto-generated,,,,0.0,0.0,,
ART_NEW_0595,Antonio Rezza,Unknown,,,,Auto-generated,,,,0.0,0.0,,
ART_NEW_0596,Giorgia,Unknown,,,,Auto-generated,,,,0.0,0.0,,
ART_NEW_0597,Arnoldo Foà,Unknown,,,,Auto-generated,,,,0.0,0.0,,
ART_NEW_0598,Franca Valeri,Unknown,,,,Auto-generated,,,,0.0,0.0,,
ART_NEW_0599,Ascanio Celestini,Unknown,,,,Auto-generated,,,,0.0,0.0,,
ART_NEW_0600,Gianluca Nicoletti,Unknown,,,,Auto-generated,,,,0.0,0.0,,
ART_NEW_0601,Vaz Tè,Unknown,,,,Auto-generated,,,,0.0,0.0,,
ART_NEW_0602,Guesan,Unknown,,,,Auto-generated,,,,0.0,0.0,,
ART_NEW_0603,Ill Rave,Unknown,,,,Auto-generated,,,,0.0,0.0,,
ART_NEW_0604,Coyote Jo Bastard,Unknown,,,,Auto-generated,,,,0.0,0.0,,
ART_NEW_0605,RK (ITA),Unknown,,,,Auto-generated,,,,0.0,0.0,,
ART_NEW_0606,Angelina Mango,Unknown,,,,Auto-generated,,,,0.0,0.0,,
ART_NEW_0607,Nebbïa,Unknown,,,,Auto-generated,,,,0.0,0.0,,
ART_NEW_0608,Nader Shah,Unknown,,,,Auto-generated,,,,0.0,0.0,,
ART_NEW_0609,​bnkr44,Unknown,,,,Auto-generated,,,,0.0,0.0,,
ART_NEW_0610,Federica Abbate,Unknown,,,,Auto-generated,,,,0.0,0.0,,
ART_NEW_0611,Sofiane,Unknown,,,,Auto-generated,,,,0.0,0.0,,
ART_NEW_0612,Krag Lee,Unknown,,,,Auto-generated,,,,0.0,0.0,,
ART_NEW_0613,Albe Ok,Unknown,,,,Auto-generated,,,,0.0,0.0,,
ART_NEW_0614,Radici Urbane,Unknown,,,,Auto-generated,,,,0.0,0.0,,
ART_NEW_0615,Mad Boys,Unknown,,,,Auto-generated,,,,0.0,0.0,,
ART_NEW_0616,UBR,Unknown,,,,Auto-generated,,,,0.0,0.0,,
ART_NEW_0617,Tylil,Unknown,,,,Auto-generated,,,,0.0,0.0,,
ART_NEW_0618,Matthew Marcantonio,Unknown,,,,Auto-generated,,,,0.0,0.0,,
ART_NEW_0619,John De Leo,Unknown,,,,Auto-generated,,,,0.0,0.0,,
ART_NEW_0620,Mishel Domenssain,Unknown,,,,Auto-generated,,,,0.0,0.0,,
ART_NEW_0621,Max Gazzè,Unknown,,,,Auto-generated,,,,0.0,0.0,,
ART_NEW_0622,Al Bano,Unknown,,,,Auto-generated,,,,0.0,0.0,,
ART_NEW_0623,Diego Perrone,Unknown,,,,Auto-generated,,,,0.0,0.0,,
ART_NEW_0624,D.M.C.,Unknown,,,,Auto-generated,,,,0.0,0.0,,
ART_NEW_0625,Tony Hadley,Unknown,,,,Auto-generated,,,,0.0,0.0,,
ART_NEW_0626,Michael Franti,Unknown,,,,Auto-generated,,,,0.0,0.0,,
ART_NEW_0627,Trigga (Stefano Ciannamea),Unknown,,,,Auto-generated,,,,0.0,0.0,,
ART_NEW_0628,Dj Jan (ITA),Unknown,,,,Auto-generated,,,,0.0,0.0,,
ART_NEW_0629,Gianni De Gennaro,Unknown,,,,Auto-generated,,,,0.0,0.0,,
ART_NEW_0630,Gedo (ITA),Unknown,,,,Auto-generated,,,,0.0,0.0,,
ART_NEW_0631,Juso Tha Juice,Unknown,,,,Auto-generated,,,,0.0,0.0,,
ART_NEW_0632,Corrado Pani,Unknown,,,,Auto-generated,,,,0.0,0.0,,
ART_NEW_0633,Ironique,Unknown,,,,Auto-generated,,,,0.0,0.0,,
ART_NEW_0634,Nico Messina,Unknown,,,,Auto-generated,,,,0.0,0.0,,
ART_NEW_0635,Gucci Mane,Unknown,,,,Auto-generated,,,,0.0,0.0,,
ART_NEW_0636,Gaia,Unknown,,,,Auto-generated,,,,0.0,0.0,,
ART_NEW_0637,Ape,Unknown,,,,Auto-generated,,,,0.0,0.0,,
ART_NEW_0638,Zampa,Unknown,,,,Auto-generated,,,,0.0,0.0,,
ART_NEW_0639,Lanz Khan,Unknown,,,,Auto-generated,,,,0.0,0.0,,
ART_NEW_0640,Vegas Jones,Unknown,,,,Auto-generated,,,,0.0,0.0,,
ART_NEW_0641,Cricca dei Balordi,Unknown,,,,Auto-generated,,,,0.0,0.0,,
ART_NEW_0642,Lord Bean,Unknown,,,,Auto-generated,,,,0.0,0.0,,
ART_NEW_0643,I Poeti Maledetti,Unknown,,,,Auto-generated,,,,0.0,0.0,,
ART_NEW_0644,Meddaman,Unknown,,,,Auto-generated,,,,0.0,0.0,,
ART_NEW_0645,Maury B,Unknown,,,,Auto-generated,,,,0.0,0.0,,
ART_NEW_0646,Davo (ITA),Unknown,,,,Auto-generated,,,,0.0,0.0,,
ART_NEW_0647,Dafa,Unknown,,,,Auto-generated,,,,0.0,0.0,,
ART_NEW_0648,Micro (ITA),Unknown,,,,Auto-generated,,,,0.0,0.0,,
ART_NEW_0649,Beng (Milanimale),Unknown,,,,Auto-generated,,,,0.0,0.0,,
ART_NEW_0650,Phra,Unknown,,,,Auto-generated,,,,0.0,0.0,,
ART_NEW_0651,Bruno (ITA),Unknown,,,,Auto-generated,,,,0.0,0.0,,
ART_NEW_0652,Kaso,Unknown,,,,Auto-generated,,,,0.0,0.0,,
ART_NEW_0653,Biko,Unknown,,,,Auto-generated,,,,0.0,0.0,,
ART_NEW_0654,Tension,Unknown,,,,Auto-generated,,,,0.0,0.0,,
ART_NEW_0655,Gene 5,Unknown,,,,Auto-generated,,,,0.0,0.0,,
ART_NEW_0656,Matteo Pelli,Unknown,,,,Auto-generated,,,,0.0,0.0,,
ART_NEW_0657,L’Aura (ITA),Unknown,,,,Auto-generated,,,,0.0,0.0,,
ART_NEW_0658,Hernan Brando,Unknown,,,,Auto-generated,,,,0.0,0.0,,
ART_NEW_0659,Soul Reever,Unknown,,,,Auto-generated,,,,0.0,0.0,,
ART_NEW_0660,DJ Zeta,Unknown,,,,Auto-generated,,,,0.0,0.0,,
ART_NEW_0661,G Quagliano,Unknown,,,,Auto-generated,,,,0.0,0.0,,
ART_NEW_0662,Lyricalz,Unknown,,,,Auto-generated,,,,0.0,0.0,,
ART_NEW_0663,Anagogia,Unknown,,,,Auto-generated,,,,0.0,0.0,,
ART_NEW_0664,FK (FRA),Unknown,,,,Auto-generated,,,,0.0,0.0,,
ART_NEW_0665,Reka The Saint,Unknown,,,,Auto-generated,,,,0.0,0.0,,
ART_NEW_0666,Mentispesse,Unknown,,,,Auto-generated,,,,0.0,0.0,,
ART_NEW_0667,Papa Ciccio,Unknown,,,,Auto-generated,,,,0.0,0.0,,
ART_NEW_0668,Men In Skratch,Unknown,,,,Auto-generated,,,,0.0,0.0,,
ART_NEW_0669,Supa,Unknown,,,,Auto-generated,,,,0.0,0.0,,
ART_NEW_0670,Mic Geronimo,Unknown,,,,Auto-generated,,,,0.0,0.0,,
ART_NEW_0671,Andre the Giant,Unknown,,,,Auto-generated,,,,0.0,0.0,,
ART_NEW_0672,Alessio Beltrami,Unknown,,,,Auto-generated,,,,0.0,0.0,,
ART_NEW_0673,Mr. Phil,Unknown,,,,Auto-generated,,,,0.0,0.0,,
ART_NEW_0674,The Beatnuts,Unknown,,,,Auto-generated,,,,0.0,0.0,,
ART_NEW_0675,A.M. (La Congrega),Unknown,,,,Auto-generated,,,,0.0,0.0,,
ART_NEW_0676,MDT (ITA),Unknown,,,,Auto-generated,,,,0.0,0.0,,
ART_NEW_0677,Macro Marco,Unknown,,,,Auto-generated,,,,0.0,0.0,,
ART_NEW_0678,Coliche,Unknown,,,,Auto-generated,,,,0.0,0.0,,
ART_NEW_0679,Metrostars,Unknown,,,,Auto-generated,,,,0.0,0.0,,
ART_NEW_0680,Aim 1,Unknown,,,,Auto-generated,,,,0.0,0.0,,
ART_NEW_0681,Soolking,Unknown,,,,Auto-generated,,,,0.0,0.0,,
ART_NEW_0682,LIBERATO,Unknown,,,,Auto-generated,,,,0.0,0.0,,
ART_NEW_0683,Mr Eazi,Unknown,,,,Auto-generated,,,,0.0,0.0,,
ART_NEW_0684,Draganov,Unknown,,,,Auto-generated,,,,0.0,0.0,,
ART_NEW_0685,Axell,Unknown,,,,Auto-generated,,,,0.0,0.0,,
ART_NEW_0686,Maite,Unknown,,,,Auto-generated,,,,0.0,0.0,,
ART_NEW_0687,M.B.A,Unknown,,,,Auto-generated,,,,0.0,0.0,,
ART_NEW_0688,Buster (UK),Unknown,,,,Auto-generated,,,,0.0,0.0,,
ART_NEW_0689,Agent Sasco (Assassin),Unknown,,,,Auto-generated,,,,0.0,0.0,,
ART_NEW_0690,Biggie Bash,Unknown,,,,Auto-generated,,,,0.0,0.0,,
ART_NEW_0691,Raiz,Unknown,,,,Auto-generated,,,,0.0,0.0,,
ART_NEW_0692,Attila (ITA),Unknown,,,,Auto-generated,,,,0.0,0.0,,
ART_NEW_0693,Andrea D’Alessio,Unknown,,,,Auto-generated,,,,0.0,0.0,,
ART_NEW_0694,Raige,Unknown,,,,Auto-generated,,,,0.0,0.0,,
ART_NEW_0695,Peja,Unknown,,,,Auto-generated,,,,0.0,0.0,,
ART_NEW_0696,Y’akoto,Unknown,,,,Auto-generated,,,,0.0,0.0,,
ART_NEW_0697,Two Fingerz,Unknown,,,,Auto-generated,,,,0.0,0.0,,
ART_NEW_0698,Juelz,Unknown,,,,Auto-generated,,,,0.0,0.0,,
ART_NEW_0699,Gloria (ITA),Unknown,,,,Auto-generated,,,,0.0,0.0,,
ART_NEW_0700,Killa Soul,Unknown,,,,Auto-generated,,,,0.0,0.0,,
ART_NEW_0701,Vox P,Unknown,,,,Auto-generated,,,,0.0,0.0,,
ART_NEW_0702,Be4,Unknown,,,,Auto-generated,,,,0.0,0.0,,
ART_NEW_0703,Hary,Unknown,,,,Auto-generated,,,,0.0,0.0,,
ART_NEW_0704,DJ 2P,Unknown,,,,Auto-generated,,,,0.0,0.0,,
ART_NEW_0705,BLANCO,Unknown,,,,Auto-generated,,,,0.0,0.0,,
ART_NEW_0706,Hatik,Unknown,,,,Auto-generated,,,,0.0,0.0,,
ART_NEW_0707,Jamil,Unknown,,,,Auto-generated,,,,0.0,0.0,,
ART_NEW_0708,Nashley,Unknown,,,,Auto-generated,,,,0.0,0.0,,
ART_NEW_0709,Kerim,Unknown,,,,Auto-generated,,,,0.0,0.0,,
ART_NEW_0710,Dium,Unknown,,,,Auto-generated,,,,0.0,0.0,,
ART_NEW_0711,Ghile,Unknown,,,,Auto-generated,,,,0.0,0.0,,
ART_NEW_0712,T-Mo,Unknown,,,,Auto-generated,,,,0.0,0.0,,
ART_NEW_0713,Mboss,Unknown,,,,Auto-generated,,,,0.0,0.0,,
ART_NEW_0714,Sickness El Bandog,Unknown,,,,Auto-generated,,,,0.0,0.0,,
ART_NEW_0715,Biska,Unknown,,,,Auto-generated,,,,0.0,0.0,,
ART_NEW_0716,Yung Fume,Unknown,,,,Auto-generated,,,,0.0,0.0,,
ART_NEW_0717,​loge (logedelrey),Unknown,,,,Auto-generated,,,,0.0,0.0,,
ART_NEW_0718,Cromo,Unknown,,,,Auto-generated,,,,0.0,0.0,,
ART_NEW_0719,Leslie (ITA),Unknown,,,,Auto-generated,,,,0.0,0.0,,
ART_NEW_0720,Pinkman (ITA),Unknown,,,,Auto-generated,,,,0.0,0.0,,
ART_NEW_0721,Styles P,Unknown,,,,Auto-generated,,,,0.0,0.0,,
ART_NEW_0722,Rojas On The Beat,Unknown,,,,Auto-generated,,,,0.0,0.0,,
ART_NEW_0723,JP (ITA),Unknown,,,,Auto-generated,,,,0.0,0.0,,
ART_NEW_0724,Pink Empire,Unknown,,,,Auto-generated,,,,0.0,0.0,,
ART_NEW_0725,En?gma,Unknown,,,,Auto-generated,,,,0.0,0.0,,
ART_NEW_0726,Locker,Unknown,,,,Auto-generated,,,,0.0,0.0,,
ART_NEW_0727,Sa Razza,Unknown,,,,Auto-generated,,,,0.0,0.0,,
ART_NEW_0728,Nico Kyni,Unknown,,,,Auto-generated,,,,0.0,0.0,,
ART_NEW_0729,Melo (ITA),Unknown,,,,Auto-generated,,,,0.0,0.0,,
ART_NEW_0730,KushGad,Unknown,,,,Auto-generated,,,,0.0,0.0,,
ART_NEW_0731,Los Fastidios,Unknown,,,,Auto-generated,,,,0.0,0.0,,
ART_NEW_0732,Numeri 2,Unknown,,,,Auto-generated,,,,0.0,0.0,,
ART_NEW_0733,Mosè Cov,Unknown,,,,Auto-generated,,,,0.0,0.0,,
ART_NEW_0734,Suarez Nacapito,Unknown,,,,Auto-generated,,,,0.0,0.0,,
ART_NEW_0735,Theone (ita),Unknown,,,,Auto-generated,,,,0.0,0.0,,
ART_NEW_0736,Enzo Benz,Unknown,,,,Auto-generated,,,,0.0,0.0,,
ART_NEW_0737,Block Mameli,Unknown,,,,Auto-generated,,,,0.0,0.0,,
ART_NEW_0738,Dvus,Unknown,,,,Auto-generated,,,,0.0,0.0,,
ART_NEW_0739,Lil Wayne,Unknown,,,,Auto-generated,,,,0.0,0.0,,
ART_NEW_0740,Incis ZONE,Unknown,,,,Auto-generated,,,,0.0,0.0,,
ART_NEW_0741,MasterMaind,Unknown,,,,Auto-generated,,,,0.0,0.0,,
ART_NEW_0742,Milligun,Unknown,,,,Auto-generated,,,,0.0,0.0,,
ART_NEW_0743,Cris Enemy,Unknown,,,,Auto-generated,,,,0.0,0.0,,
ART_NEW_0744,Rico Mendossa,Unknown,,,,Auto-generated,,,,0.0,0.0,,
ART_NEW_0745,ARTAN,Unknown,,,,Auto-generated,,,,0.0,0.0,,
ART_NEW_0746,O.G GANG,Unknown,,,,Auto-generated,,,,0.0,0.0,,
ART_NEW_0747,Jay-A (COD),Unknown,,,,Auto-generated,,,,0.0,0.0,,
ART_NEW_0748,KG Man,Unknown,,,,Auto-generated,,,,0.0,0.0,,
ART_NEW_0749,Armani Doc,Unknown,,,,Auto-generated,,,,0.0,0.0,,
ART_NEW_0750,Giulie Battisti,Unknown,,,,Auto-generated,,,,0.0,0.0,,
ART_NEW_0751,Rik Rox,Unknown,,,,Auto-generated,,,,0.0,0.0,,
ART_NEW_0752,Maxi B,Unknown,,,,Auto-generated,,,,0.0,0.0,,
ART_NEW_0753,Enmicasa,Unknown,,,,Auto-generated,,,,0.0,0.0,,
ART_NEW_0754,Ill Nacho,Unknown,,,,Auto-generated,,,,0.0,0.0,,
ART_NEW_0755,DJ Bront,Unknown,,,,Auto-generated,,,,0.0,0.0,,
ART_NEW_0756,JSimms,Unknown,,,,Auto-generated,,,,0.0,0.0,,
ART_NEW_0757,Bloodlyne,Unknown,,,,Auto-generated,,,,0.0,0.0,,
ART_NEW_0758,G Leggenda,Unknown,,,,Auto-generated,,,,0.0,0.0,,
ART_NEW_0759,Terrasanta,Unknown,,,,Auto-generated,,,,0.0,0.0,,
ART_NEW_0760,Lil’ Pin,Unknown,,,,Auto-generated,,,,0.0,0.0,,
ART_NEW_0761,La Fossa,Unknown,,,,Auto-generated,,,,0.0,0.0,,
ART_NEW_0762,Phrome,Unknown,,,,Auto-generated,,,,0.0,0.0,,
ART_NEW_0763,Pessimo 17,Unknown,,,,Auto-generated,,,,0.0,0.0,,
ART_NEW_0764,DJ Ghost aka Steeni,Unknown,,,,Auto-generated,,,,0.0,0.0,,
ART_NEW_0765,Ranabis,Unknown,,,,Auto-generated,,,,0.0,0.0,,
ART_NEW_0766,Oscar White,Unknown,,,,Auto-generated,,,,0.0,0.0,,
ART_NEW_0767,Exo DJ,Unknown,,,,Auto-generated,,,,0.0,0.0,,
ART_NEW_0768,Divoice,Unknown,,,,Auto-generated,,,,0.0,0.0,,
ART_NEW_0769,Marietto,Unknown,,,,Auto-generated,,,,0.0,0.0,,
ART_NEW_0770,Ozymandias,Unknown,,,,Auto-generated,,,,0.0,0.0,,
ART_NEW_0771,Mostro,Unknown,,,,Auto-generated,,,,0.0,0.0,,
ART_NEW_0772,JDR,Unknown,,,,Auto-generated,,,,0.0,0.0,,
ART_NEW_0773,Quentin40,Unknown,,,,Auto-generated,,,,0.0,0.0,,
ART_NEW_0774,Emanuel Amabilis,Unknown,,,,Auto-generated,,,,0.0,0.0,,
ART_NEW_0775,Populous,Unknown,,,,Auto-generated,,,,0.0,0.0,,
ART_NEW_0776,Gabry Ponte,Unknown,,,,Auto-generated,,,,0.0,0.0,,
ART_NEW_0777,Lilly Meraviglia,Unknown,,,,Auto-generated,,,,0.0,0.0,,
ART_NEW_0778,RIVA,Unknown,,,,Auto-generated,,,,0.0,0.0,,
ART_NEW_0779,Elenoire Ferruzzi,Unknown,,,,Auto-generated,,,,0.0,0.0,,
ART_NEW_0780,Malena Nazionale,Unknown,,,,Auto-generated,,,,0.0,0.0,,
ART_NEW_0781,cmqmartina,Unknown,,,,Auto-generated,,,,0.0,0.0,,
ART_NEW_0782,DPCM,Unknown,,,,Auto-generated,,,,0.0,0.0,,
ART_NEW_0783,Kiddy Smile,Unknown,,,,Auto-generated,,,,0.0,0.0,,
ART_NEW_0784,David Blank,Unknown,,,,Auto-generated,,,,0.0,0.0,,
ART_NEW_0785,Boyrebecca,Unknown,,,,Auto-generated,,,,0.0,0.0,,
ART_NEW_0786,Bilal Hassani,Unknown,,,,Auto-generated,,,,0.0,0.0,,
ART_NEW_0787,Isabella Santacroce,Unknown,,,,Auto-generated,,,,0.0,0.0,,
ART_NEW_0788,Rita Pavone,Unknown,,,,Auto-generated,,,,0.0,0.0,,
ART_NEW_0789,La Cha Cha,Unknown,,,,Auto-generated,,,,0.0,0.0,,
ART_NEW_0790,Da Blonde (ITA),Unknown,,,,Auto-generated,,,,0.0,0.0,,
ART_NEW_0791,Kaash Paige,Unknown,,,,Auto-generated,,,,0.0,0.0,,
ART_NEW_0792,Etta (ITA),Unknown,,,,Auto-generated,,,,0.0,0.0,,
ART_NEW_0793,Paola Imprudente,Unknown,,,,Auto-generated,,,,0.0,0.0,,
ART_NEW_0794,Franco Ricciardi,Unknown,,,,Auto-generated,,,,0.0,0.0,,
ART_NEW_0795,Giorno Giovanna,Unknown,,,,Auto-generated,,,,0.0,0.0,,
ART_NEW_0796,Max Brigante,Unknown,,,,Auto-generated,,,,0.0,0.0,,
ART_NEW_0797,Andrés Koi,Unknown,,,,Auto-generated,,,,0.0,0.0,,
ART_NEW_0798,Giusy Ferreri,Unknown,,,,Auto-generated,,,,0.0,0.0,,
ART_NEW_0799,Chiara Ferragni,Unknown,,,,Auto-generated,,,,0.0,0.0,,
ART_NEW_0800,MIKA,Unknown,,,,Auto-generated,,,,0.0,0.0,,
ART_NEW_0801,Lali,Unknown,,,,Auto-generated,,,,0.0,0.0,,
ART_NEW_0802,Omar Montes,Unknown,,,,Auto-generated,,,,0.0,0.0,,
ART_NEW_0803,Sante,Unknown,,,,Auto-generated,,,,0.0,0.0,,
ART_NEW_0804,Madh,Unknown,,,,Auto-generated,,,,0.0,0.0,,
ART_NEW_0805,La Miss,Unknown,,,,Auto-generated,,,,0.0,0.0,,
ART_NEW_0806,Cuzzo,Unknown,,,,Auto-generated,,,,0.0,0.0,,
ART_NEW_0807,Isabella Turso,Unknown,,,,Auto-generated,,,,0.0,0.0,,
ART_NEW_0808,Beatrice Quinta,Unknown,,,,Auto-generated,,,,0.0,0.0,,
ART_NEW_0809,Perturbazione,Unknown,,,,Auto-generated,,,,0.0,0.0,,
ART_NEW_0810,Vincenzo Fasano,Unknown,,,,Auto-generated,,,,0.0,0.0,,
ART_NEW_0811,Andrea Volontè,Unknown,,,,Auto-generated,,,,0.0,0.0,,
ART_NEW_0812,Max Pezzali,Unknown,,,,Auto-generated,,,,0.0,0.0,,
ART_NEW_0813,JV (ITA),Unknown,,,,Auto-generated,,,,0.0,0.0,,
ART_NEW_0814,Michelle Lily,Unknown,,,,Auto-generated,,,,0.0,0.0,,
ART_NEW_0815,Remi Tone,Unknown,,,,Auto-generated,,,,0.0,0.0,,
ART_NEW_0816,Ras Six,Unknown,,,,Auto-generated,,,,0.0,0.0,,
ART_NEW_0817,Kill Mauri,Unknown,,,,Auto-generated,,,,0.0,0.0,,
ART_NEW_0818,Clo Sísmico,Unknown,,,,Auto-generated,,,,0.0,0.0,,
ART_NEW_0819,Takagi & Ketra,Unknown,,,,Auto-generated,,,,0.0,0.0,,
ART_NEW_0820,Maria Becerra,Unknown,,,,Auto-generated,,,,0.0,0.0,,
ART_NEW_0821,Ultimo,Unknown,,,,Auto-generated,,,,0.0,0.0,,
ART_NEW_0822,Lil’ Young,Unknown,,,,Auto-generated,,,,0.0,0.0,,
ART_NEW_0823,Sapobully,Unknown,,,,Auto-generated,,,,0.0,0.0,,
ART_NEW_0824,Giulia Penna,Unknown,,,,Auto-generated,,,,0.0,0.0,,
ART_NEW_0825,CaneSecco,Unknown,,,,Auto-generated,,,,0.0,0.0,,
ART_NEW_0826,Emma Muscat,Unknown,,,,Auto-generated,,,,0.0,0.0,,
ART_NEW_0827,Bouchra,Unknown,,,,Auto-generated,,,,0.0,0.0,,
ART_NEW_0828,Gli Autogol,Unknown,,,,Auto-generated,,,,0.0,0.0,,
ART_NEW_0829,P.A.P.A.,Unknown,,,,Auto-generated,,,,0.0,0.0,,
ART_NEW_0830,Boss Doms,Unknown,,,,Auto-generated,,,,0.0,0.0,,
ART_NEW_0831,RollzRois,Unknown,,,,Auto-generated,,,,0.0,0.0,,
ART_NEW_0832,PashaPG,Unknown,,,,Auto-generated,,,,0.0,0.0,,
ART_NEW_0833,6ix9ine,Unknown,,,,Auto-generated,,,,0.0,0.0,,
ART_NEW_0834,Rizzo,Unknown,,,,Auto-generated,,,,0.0,0.0,,
ART_NEW_0835,Not Good,Unknown,,,,Auto-generated,,,,0.0,0.0,,
ART_NEW_0836,Inamos,Unknown,,,,Auto-generated,,,,0.0,0.0,,
ART_NEW_0837,Mera (ITA),Unknown,,,,Auto-generated,,,,0.0,0.0,,
ART_NEW_0838,Andrea Piraz,Unknown,,,,Auto-generated,,,,0.0,0.0,,
ART_NEW_0839,Westside Gunn,Unknown,,,,Auto-generated,,,,0.0,0.0,,
ART_NEW_0840,Fabio De Martino,Unknown,,,,Auto-generated,,,,0.0,0.0,,
ART_NEW_0841,Antonella Lo Coco,Unknown,,,,Auto-generated,,,,0.0,0.0,,
ART_NEW_0842,Skin,Unknown,,,,Auto-generated,,,,0.0,0.0,,
ART_NEW_0843,Saturnino,Unknown,,,,Auto-generated,,,,0.0,0.0,,
ART_NEW_0844,Rox,Unknown,,,,Auto-generated,,,,0.0,0.0,,
ART_NEW_0845,Ill Cecka,Unknown,,,,Auto-generated,,,,0.0,0.0,,
ART_NEW_0846,Agon,Unknown,,,,Auto-generated,,,,0.0,0.0,,
ART_NEW_0847,Gabba,Unknown,,,,Auto-generated,,,,0.0,0.0,,
ART_NEW_0848,Dafa aka Kilkenny,Unknown,,,,Auto-generated,,,,0.0,0.0,,
ART_NEW_0849,Danny Damn Vito,Unknown,,,,Auto-generated,,,,0.0,0.0,,
ART_NEW_0850,DJ Telaviv,Unknown,,,,Auto-generated,,,,0.0,0.0,,
ART_NEW_0851,Sistah Kinky,Unknown,,,,Auto-generated,,,,0.0,0.0,,
ART_NEW_0852,Rise Beatbox,Unknown,,,,Auto-generated,,,,0.0,0.0,,
ART_NEW_0853,Rokas,Unknown,,,,Auto-generated,,,,0.0,0.0,,
ART_NEW_0854,G.bit,Unknown,,,,Auto-generated,,,,0.0,0.0,,
ART_NEW_0855,T-Pain,Unknown,,,,Auto-generated,,,,0.0,0.0,,
ART_NEW_0856,Stash,Unknown,,,,Auto-generated,,,,0.0,0.0,,
ART_NEW_0857,Levante,Unknown,,,,Auto-generated,,,,0.0,0.0,,
ART_NEW_0858,Alessandra Amoroso,Unknown,,,,Auto-generated,,,,0.0,0.0,,
ART_NEW_0859,Alessia Cara,Unknown,,,,Auto-generated,,,,0.0,0.0,,
ART_NEW_0860,Sergio Sylvestre,Unknown,,,,Auto-generated,,,,0.0,0.0,,
ART_NEW_0861,Loredana Bertè,Unknown,,,,Auto-generated,,,,0.0,0.0,,
ART_NEW_0862,Il Pagante,Unknown,,,,Auto-generated,,,,0.0,0.0,,
ART_NEW_0863,Luca Di Stefano,Unknown,,,,Auto-generated,,,,0.0,0.0,,
ART_NEW_0864,Nek,Unknown,,,,Auto-generated,,,,0.0,0.0,,
ART_NEW_0865,Giò Sada,Unknown,,,,Auto-generated,,,,0.0,0.0,,
ART_NEW_0866,The Styles (ITA),Unknown,,,,Auto-generated,,,,0.0,0.0,,
ART_NEW_0867,Valerio Jovine,Unknown,,,,Auto-generated,,,,0.0,0.0,,
ART_NEW_0868,Emiliano Valverde,Unknown,,,,Auto-generated,,,,0.0,0.0,,
ART_NEW_0869,Ermal Meta,Unknown,,,,Auto-generated,,,,0.0,0.0,,
ART_NEW_0870,Irene Viboras,Unknown,,,,Auto-generated,,,,0.0,0.0,,
ART_NEW_0871,Bianca Atzei,Unknown,,,,Auto-generated,,,,0.0,0.0,,
ART_NEW_0872,Francesco Sarcina,Unknown,,,,Auto-generated,,,,0.0,0.0,,
ART_NEW_0873,Guido Style,Unknown,,,,Auto-generated,,,,0.0,0.0,,
ART_NEW_0874,Freank Antoni,Unknown,,,,Auto-generated,,,,0.0,0.0,,
ART_NEW_0875,Navigator,Unknown,,,,Auto-generated,,,,0.0,0.0,,
ART_NEW_0876,Steve Forest,Unknown,,,,Auto-generated,,,,0.0,0.0,,
ART_NEW_0877,Elio (ITA),Unknown,,,,Auto-generated,,,,0.0,0.0,,
ART_NEW_0878,Pau Donés,Unknown,,,,Auto-generated,,,,0.0,0.0,,
ART_NEW_0879,Maya Giglio,Unknown,,,,Auto-generated,,,,0.0,0.0,,
ART_NEW_0880,Dutch Nazari,Unknown,,,,Auto-generated,,,,0.0,0.0,,
ART_NEW_0881,Jolly Mare,Unknown,,,,Auto-generated,,,,0.0,0.0,,
ART_NEW_0882,Paolito,Unknown,,,,Auto-generated,,,,0.0,0.0,,
ART_NEW_0883,Giorgio Montanini,Unknown,,,,Auto-generated,,,,0.0,0.0,,
ART_NEW_0884,Michela Giraud,Unknown,,,,Auto-generated,,,,0.0,0.0,,
ART_NEW_0885,Fast Animals and Slow Kids,Unknown,,,,Auto-generated,,,,0.0,0.0,,
ART_NEW_0886,Un ubriaco,Unknown,,,,Auto-generated,,,,0.0,0.0,,
ART_NEW_0887,Shaggy,Unknown,,,,Auto-generated,,,,0.0,0.0,,
ART_NEW_0888,Ditonellapiaga,Unknown,,,,Auto-generated,,,,0.0,0.0,,
ART_NEW_0889,DJ Koma aka Mauràs,Unknown,,,,Auto-generated,,,,0.0,0.0,,
ART_NEW_0890,Michael Sorriso,Unknown,,,,Auto-generated,,,,0.0,0.0,,
ART_NEW_0891,Shula,Unknown,,,,Auto-generated,,,,0.0,0.0,,
ART_NEW_0892,DJ Lil Cut,Unknown,,,,Auto-generated,,,,0.0,0.0,,
ART_NEW_0893,Canebullo,Unknown,,,,Auto-generated,,,,0.0,0.0,,
ART_NEW_0894,PUGNI,Unknown,,,,Auto-generated,,,,0.0,0.0,,
ART_NEW_0895,Fudasca,Unknown,,,,Auto-generated,,,,0.0,0.0,,
ART_NEW_0896,DJ DOPS,Unknown,,,,Auto-generated,,,,0.0,0.0,,
ART_NEW_0897,Paolo Rossi,Unknown,,,,Auto-generated,,,,0.0,0.0,,
ART_NEW_0898,Subsonica,Unknown,,,,Auto-generated,,,,0.0,0.0,,
ART_NEW_0899,Papa J,Unknown,,,,Auto-generated,,,,0.0,0.0,,
ART_NEW_0900,General Levy,Unknown,,,,Auto-generated,,,,0.0,0.0,,
ART_NEW_0901,Francesco Di Bella,Unknown,,,,Auto-generated,,,,0.0,0.0,,
ART_NEW_0902,Urban Snakes,Unknown,,,,Auto-generated,,,,0.0,0.0,,
ART_NEW_0903,Nuova Compagnia Di Canto Popolare,Unknown,,,,Auto-generated,,,,0.0,0.0,,
ART_NEW_0904,Daniele Sepe,Unknown,,,,Auto-generated,,,,0.0,0.0,,
ART_NEW_0905,Naive,Unknown,,,,Auto-generated,,,,0.0,0.0,,
ART_NEW_0906,Raf,Unknown,,,,Auto-generated,,,,0.0,0.0,,
ART_NEW_0907,Casino Royale,Unknown,,,,Auto-generated,,,,0.0,0.0,,
ART_NEW_0908,Mr Poto,Unknown,,,,Auto-generated,,,,0.0,0.0,,
ART_NEW_0909,Gamba The Lenk,Unknown,,,,Auto-generated,,,,0.0,0.0,,
ART_NEW_0910,Chaka Nano,Unknown,,,,Auto-generated,,,,0.0,0.0,,
ART_NEW_0911,Papa Samu,Unknown,,,,Auto-generated,,,,0.0,0.0,,
ART_NEW_0912,Vaitea,Unknown,,,,Auto-generated,,,,0.0,0.0,,
ART_NEW_0913,Sick Il Magro,Unknown,,,,Auto-generated,,,,0.0,0.0,,
ART_NEW_0914,Sissi,Unknown,,,,Auto-generated,,,,0.0,0.0,,
ART_NEW_0915,Moses Sangare,Unknown,,,,Auto-generated,,,,0.0,0.0,,
ART_NEW_0916,Marco Mengoni,Unknown,,,,Auto-generated,,,,0.0,0.0,,
ART_NEW_0917,2Rari,Unknown,,,,Auto-generated,,,,0.0,0.0,,
ART_NEW_0918,Electrofants,Unknown,,,,Auto-generated,,,,0.0,0.0,,
ART_NEW_0919,Nox (ITA),Unknown,,,,Auto-generated,,,,0.0,0.0,,
ART_NEW_0920,Josiah and the Bonnevilles,Unknown,,,,Auto-generated,,,,0.0,0.0,,
ART_NEW_0921,Franco Califano,Unknown,,,,Auto-generated,,,,0.0,0.0,,
ART_NEW_0922,Emi Lo Zio,Unknown,,,,Auto-generated,,,,0.0,0.0,,
ART_NEW_0923,Deleterio,Unknown,,,,Auto-generated,,,,0.0,0.0,,
ART_NEW_0924,167 Gang,Unknown,,,,Auto-generated,,,,0.0,0.0,,
ART_NEW_0925,Philip,Unknown,,,,Auto-generated,,,,0.0,0.0,,
ART_NEW_0926,Il Ghost,Unknown,,,,Auto-generated,,,,0.0,0.0,,
ART_NEW_0927,Less Torrance,Unknown,,,,Auto-generated,,,,0.0,0.0,,
ART_NEW_0928,Mikush,Unknown,,,,Auto-generated,,,,0.0,0.0,,
ART_NEW_0929,Medy,Unknown,,,,Auto-generated,,,,0.0,0.0,,
ART_NEW_0930,ASTOL,Unknown,,,,Auto-generated,,,,0.0,0.0,,
ART_NEW_0931,Vago,Unknown,,,,Auto-generated,,,,0.0,0.0,,
ART_NEW_0932,Mixup,Unknown,,,,Auto-generated,,,,0.0,0.0,,
ART_NEW_0933,Uzi Lvke,Unknown,,,,Auto-generated,,,,0.0,0.0,,
ART_NEW_0934,Fasma,Unknown,,,,Auto-generated,,,,0.0,0.0,,
ART_NEW_0935,Vion,Unknown,,,,Auto-generated,,,,0.0,0.0,,
ART_NEW_0936,Giuliano Sangiorgi,Unknown,,,,Auto-generated,,,,0.0,0.0,,
ART_NEW_0937,Julia Crane,Unknown,,,,Auto-generated,,,,0.0,0.0,,
ART_NEW_0938,Just Off Turner,Unknown,,,,Auto-generated,,,,0.0,0.0,,
ART_NEW_0939,Romina Falconi,Unknown,,,,Auto-generated,,,,0.0,0.0,,
ART_NEW_0940,Shezan Il Ragio,Unknown,,,,Auto-generated,,,,0.0,0.0,,
ART_NEW_0941,Word,Unknown,,,,Auto-generated,,,,0.0,0.0,,
ART_NEW_0942,Chime Nadir,Unknown,,,,Auto-generated,,,,0.0,0.0,,
ART_NEW_0943,Paolo Severini,Unknown,,,,Auto-generated,,,,0.0,0.0,,
ART_NEW_0944,Giovanni Gulino,Unknown,,,,Auto-generated,,,,0.0,0.0,,
ART_NEW_0945,Dose (USA),Unknown,,,,Auto-generated,,,,0.0,0.0,,
ART_NEW_0946,Zoelle,Unknown,,,,Auto-generated,,,,0.0,0.0,,
ART_NEW_0947,Hanami,Unknown,,,,Auto-generated,,,,0.0,0.0,,
ART_NEW_0948,Edo Fendy,Unknown,,,,Auto-generated,,,,0.0,0.0,,
ART_NEW_0949,Low-Red,Unknown,,,,Auto-generated,,,,0.0,0.0,,
ART_NEW_0950,Lil Lagio,Unknown,,,,Auto-generated,,,,0.0,0.0,,
ART_NEW_0951,Luscià,Unknown,,,,Auto-generated,,,,0.0,0.0,,
ART_NEW_0952,Eldo ODT,Unknown,,,,Auto-generated,,,,0.0,0.0,,
ART_NEW_0953,Lola Indigo,Unknown,,,,Auto-generated,,,,0.0,0.0,,
ART_NEW_0954,Lama,Unknown,,,,Auto-generated,,,,0.0,0.0,,
ART_NEW_0955,Giorgio Poi,Unknown,,,,Auto-generated,,,,0.0,0.0,,
ART_NEW_0956,Ceri Wax,Unknown,,,,Auto-generated,,,,0.0,0.0,,
ART_NEW_0957,IRBIS,Unknown,,,,Auto-generated,,,,0.0,0.0,,
ART_NEW_0958,Merio,Unknown,,,,Auto-generated,,,,0.0,0.0,,
ART_NEW_0959,DJ Breeda,Unknown,,,,Auto-generated,,,,0.0,0.0,,
ART_NEW_0960,Osso (ITA),Unknown,,,,Auto-generated,,,,0.0,0.0,,
ART_NEW_0961,Hopsin,Unknown,,,,Auto-generated,,,,0.0,0.0,,
ART_NEW_0962,Martina Attili,Unknown,,,,Auto-generated,,,,0.0,0.0,,
ART_NEW_0963,Birdy,Unknown,,,,Auto-generated,,,,0.0,0.0,,
ART_NEW_0964,​sangiovanni,Unknown,,,,Auto-generated,,,,0.0,0.0,,
ART_NEW_0965,CLARA,Unknown,,,,Auto-generated,,,,0.0,0.0,,
ART_NEW_0966,Valentina Tioli,Unknown,,,,Auto-generated,,,,0.0,0.0,,
ART_NEW_0967,Galup (Ita),Unknown,,,,Auto-generated,,,,0.0,0.0,,
ART_NEW_0968,C-MOE,Unknown,,,,Auto-generated,,,,0.0,0.0,,
ART_NEW_0969,Jay Reaper,Unknown,,,,Auto-generated,,,,0.0,0.0,,
ART_NEW_0970,D’African,Unknown,,,,Auto-generated,,,,0.0,0.0,,
ART_NEW_0971,Granny Smith,Unknown,,,,Auto-generated,,,,0.0,0.0,,
ART_NEW_0972,Gemello,Unknown,,,,Auto-generated,,,,0.0,0.0,,
ART_NEW_0973,Mystic One,Unknown,,,,Auto-generated,,,,0.0,0.0,,
ART_NEW_0974,Uzi Junkana,Unknown,,,,Auto-generated,,,,0.0,0.0,,
ART_NEW_0975,Victor Kwality,Unknown,,,,Auto-generated,,,,0.0,0.0,,
ART_NEW_0976,Yojimbo,Unknown,,,,Auto-generated,,,,0.0,0.0,,
ART_NEW_0977,Dope D.O.D.,Unknown,,,,Auto-generated,,,,0.0,0.0,,
ART_NEW_0978,A$AP Ferg,Unknown,,,,Auto-generated,,,,0.0,0.0,,
ART_NEW_0979,Sercho,Unknown,,,,Auto-generated,,,,0.0,0.0,,
ART_NEW_0980,Lil Kvneki,Unknown,,,,Auto-generated,,,,0.0,0.0,,
ART_NEW_0981,JAY1,Unknown,,,,Auto-generated,,,,0.0,0.0,,
ART_NEW_0982,Martina May,Unknown,,,,Auto-generated,,,,0.0,0.0,,
ART_NEW_0983,DJ Gengis,Unknown,,,,Auto-generated,,,,0.0,0.0,,
ART_NEW_0984,Pinto,Unknown,,,,Auto-generated,,,,0.0,0.0,,
ART_NEW_0985,NSP,Unknown,,,,Auto-generated,,,,0.0,0.0,,
ART_NEW_0986,Hube,Unknown,,,,Auto-generated,,,,0.0,0.0,,
ART_NEW_0987,Gose,Unknown,,,,Auto-generated,,,,0.0,0.0,,
ART_NEW_0988,MACE,Unknown,,,,Auto-generated,,,,0.0,0.0,,
ART_NEW_0989,Etto,Unknown,,,,Auto-generated,,,,0.0,0.0,,
ART_NEW_0990,Maut,Unknown,,,,Auto-generated,,,,0.0,0.0,,
ART_NEW_0991,Pakos,Unknown,,,,Auto-generated,,,,0.0,0.0,,
ART_NEW_0992,Er Costa,Unknown,,,,Auto-generated,,,,0.0,0.0,,
ART_NEW_0993,Blackout (gruppo),Unknown,,,,Auto-generated,,,,0.0,0.0,,
ART_NEW_0994,Rome Fortune,Unknown,,,,Auto-generated,,,,0.0,0.0,,
ART_NEW_0995,Cuta,Unknown,,,,Auto-generated,,,,0.0,0.0,,
ART_NEW_0996,FSK SATELLITE,Unknown,,,,Auto-generated,,,,0.0,0.0,,
ART_NEW_0997,Smokepurpp,Unknown,,,,Auto-generated,,,,0.0,0.0,,
ART_NEW_0998,Pretty Solero,Unknown,,,,Auto-generated,,,,0.0,0.0,,
ART_NEW_0999,Inda,Unknown,,,,Auto-generated,,,,0.0,0.0,,
ART_NEW_1000,RONNY J,Unknown,,,,Auto-generated,,,,0.0,0.0,,
ART_NEW_1001,Tooda (KNGL),Unknown,,,,Auto-generated,,,,0.0,0.0,,
ART_NEW_1002,Billy Milligael,Unknown,,,,Auto-generated,,,,0.0,0.0,,
ART_NEW_1003,Kofler,Unknown,,,,Auto-generated,,,,0.0,0.0,,
ART_NEW_1004,Charlie KDM,Unknown,,,,Auto-generated,,,,0.0,0.0,,
ART_NEW_1005,Davido,Unknown,,,,Auto-generated,,,,0.0,0.0,,
ART_NEW_1006,Sir Prodige,Unknown,,,,Auto-generated,,,,0.0,0.0,,
ART_NEW_1007,Fratelli Quintale,Unknown,,,,Auto-generated,,,,0.0,0.0,,
ART_NEW_1008,Debbit,Unknown,,,,Auto-generated,,,,0.0,0.0,,
ART_NEW_1009,Riky,Unknown,,,,Auto-generated,,,,0.0,0.0,,
ART_NEW_1010,DJ Rave,Unknown,,,,Auto-generated,,,,0.0,0.0,,
ART_NEW_1011,Bigfoot,Unknown,,,,Auto-generated,,,,0.0,0.0,,
ART_NEW_1012,Glocky,Unknown,,,,Auto-generated,,,,0.0,0.0,,
ART_NEW_1013,Kevin Mopao,Unknown,,,,Auto-generated,,,,0.0,0.0,,
ART_NEW_1014,Nardo Wick,Unknown,,,,Auto-generated,,,,0.0,0.0,,
ART_NEW_1015,Wairaki,Unknown,,,,Auto-generated,,,,0.0,0.0,,
ART_NEW_1016,Touché,Unknown,,,,Auto-generated,,,,0.0,0.0,,
ART_NEW_1017,El Piurri,Unknown,,,,Auto-generated,,,,0.0,0.0,,
ART_NEW_1018,Ddrugz,Unknown,,,,Auto-generated,,,,0.0,0.0,,
ART_NEW_1019,Bleeze Kapo,Unknown,,,,Auto-generated,,,,0.0,0.0,,
ART_NEW_1020,Rayan,Unknown,,,,Auto-generated,,,,0.0,0.0,,
ART_NEW_1021,Cross (Yang Attitude),Unknown,,,,Auto-generated,,,,0.0,0.0,,
ART_NEW_1022,Orange (Yang Attitude),Unknown,,,,Auto-generated,,,,0.0,0.0,,
ART_NEW_1023,Intifaya,Unknown,,,,Auto-generated,,,,0.0,0.0,,
ART_NEW_1024,Giovane Feddini,Unknown,,,,Auto-generated,,,,0.0,0.0,,
ART_NEW_1025,Deon (ITA),Unknown,,,,Auto-generated,,,,0.0,0.0,,
ART_NEW_1026,1Drop,Unknown,,,,Auto-generated,,,,0.0,0.0,,
ART_NEW_1027,Tahnee Rodriguez,Unknown,,,,Auto-generated,,,,0.0,0.0,,
ART_NEW_1028,Sud Sound System,Unknown,,,,Auto-generated,,,,0.0,0.0,,
ART_NEW_1029,Carl Brave x Franco126,Unknown,,,,Auto-generated,,,,0.0,0.0,,
ART_NEW_1030,Cole (TruceKlan),Unknown,,,,Auto-generated,,,,0.0,0.0,,
ART_NEW_1031,Raekwon,Unknown,,,,Auto-generated,,,,0.0,0.0,,
ART_NEW_1032,Gast,Unknown,,,,Auto-generated,,,,0.0,0.0,,
ART_NEW_1033,Click Head,Unknown,,,,Auto-generated,,,,0.0,0.0,,
ART_NEW_1034,Thirstin Howl III,Unknown,,,,Auto-generated,,,,0.0,0.0,,
ART_NEW_1035,Cam’ron,Unknown,,,,Auto-generated,,,,0.0,0.0,,
ART_NEW_1036,Benassa,Unknown,,,,Auto-generated,,,,0.0,0.0,,
ART_NEW_1037,Miss Violetta Beauregarde,Unknown,,,,Auto-generated,,,,0.0,0.0,,
ART_NEW_1038,Gionni Gioielli,Unknown,,,,Auto-generated,,,,0.0,0.0,,
ART_NEW_1039,Fetz Darko,Unknown,,,,Auto-generated,,,,0.0,0.0,,
ART_NEW_1040,Wild Pizar,Unknown,,,,Auto-generated,,,,0.0,0.0,,
ART_NEW_1041,Shadowbitch,Unknown,,,,Auto-generated,,,,0.0,0.0,,
ART_NEW_1042,Micromala,Unknown,,,,Auto-generated,,,,0.0,0.0,,
ART_NEW_1043,Mr. P (ITA),Unknown,,,,Auto-generated,,,,0.0,0.0,,
ART_NEW_1044,Benetti DC,Unknown,,,,Auto-generated,,,,0.0,0.0,,
ART_NEW_1045,Simo GDB,Unknown,,,,Auto-generated,,,,0.0,0.0,,
ART_NEW_1046,1Zuckero,Unknown,,,,Auto-generated,,,,0.0,0.0,,
ART_NEW_1047,Supremo 73,Unknown,,,,Auto-generated,,,,0.0,0.0,,
ART_NEW_1048,Conway the Machine,Unknown,,,,Auto-generated,,,,0.0,0.0,,
ART_NEW_1049,Capstan,Unknown,,,,Auto-generated,,,,0.0,0.0,,
ART_NEW_1050,Bat One,Unknown,,,,Auto-generated,,,,0.0,0.0,,
ART_NEW_1051,Nak Spumanti,Unknown,,,,Auto-generated,,,,0.0,0.0,,
ART_NEW_1052,Cesarino,Unknown,,,,Auto-generated,,,,0.0,0.0,,
ART_NEW_1053,Diacca,Unknown,,,,Auto-generated,,,,0.0,0.0,,
ART_NEW_1054,Capstan (Rap),Unknown,,,,Auto-generated,,,,0.0,0.0,,
ART_NEW_1055,Nasty G,Unknown,,,,Auto-generated,,,,0.0,0.0,,
ART_NEW_1056,Lucci (Brokenspeakers),Unknown,,,,Auto-generated,,,,0.0,0.0,,
ART_NEW_1057,Brokenspeakers,Unknown,,,,Auto-generated,,,,0.0,0.0,,
ART_NEW_1058,Franz (Brokenspeakers),Unknown,,,,Auto-generated,,,,0.0,0.0,,
ART_NEW_1059,Nicco (Brokenspeakers),Unknown,,,,Auto-generated,,,,0.0,0.0,,
ART_NEW_1060,Briga,Unknown,,,,Auto-generated,,,,0.0,0.0,,
ART_NEW_1061,Tommaso Paradiso,Unknown,,,,Auto-generated,,,,0.0,0.0,,
ART_NEW_1062,Dankery Harv,Unknown,,,,Auto-generated,,,,0.0,0.0,,
ART_NEW_1063,Charlie Charles,Unknown,,,,Auto-generated,,,,0.0,0.0,,
ART_NEW_1064,Micaela,Unknown,,,,Auto-generated,,,,0.0,0.0,,
ART_NEW_1065,TOMMY DALI,Unknown,,,,Auto-generated,,,,0.0,0.0,,
ART_NEW_1066,Raffaela Herbert,Unknown,,,,Auto-generated,,,,0.0,0.0,,
ART_NEW_1067,Next Of Kin,Unknown,,,,Auto-generated,,,,0.0,0.0,,
ART_NEW_1068,Vaanya Diva,Unknown,,,,Auto-generated,,,,0.0,0.0,,
ART_NEW_1069,Big Joe,Unknown,,,,Auto-generated,,,,0.0,0.0,,
ART_NEW_1070,P-Funking Horns,Unknown,,,,Auto-generated,,,,0.0,0.0,,
ART_NEW_1071,Grand Agent,Unknown,,,,Auto-generated,,,,0.0,0.0,,
ART_NEW_1072,Mumi,Unknown,,,,Auto-generated,,,,0.0,0.0,,
ART_NEW_1073,Ninthe,Unknown,,,,Auto-generated,,,,0.0,0.0,,
ART_NEW_1074,Caprice (MYS),Unknown,,,,Auto-generated,,,,0.0,0.0,,
ART_NEW_1075,Drew Williams,Unknown,,,,Auto-generated,,,,0.0,0.0,,
ART_NEW_1076,Bobbi Humphrey,Unknown,,,,Auto-generated,,,,0.0,0.0,,
ART_NEW_1077,Benny Lendano,Unknown,,,,Auto-generated,,,,0.0,0.0,,
ART_NEW_1078,Zano,Unknown,,,,Auto-generated,,,,0.0,0.0,,
ART_NEW_1079,Aquadrop,Unknown,,,,Auto-generated,,,,0.0,0.0,,
ART_NEW_1080,Mattaman,Unknown,,,,Auto-generated,,,,0.0,0.0,,
ART_NEW_1081,Ivan (ITA),Unknown,,,,Auto-generated,,,,0.0,0.0,,
ART_NEW_1082,Mr. Venom,Unknown,,,,Auto-generated,,,,0.0,0.0,,
ART_NEW_1083,Ombra,Unknown,,,,Auto-generated,,,,0.0,0.0,,
ART_NEW_1084,SottoTorchio,Unknown,,,,Auto-generated,,,,0.0,0.0,,
ART_NEW_1085,NASKA,Unknown,,,,Auto-generated,,,,0.0,0.0,,
ART_NEW_1086,Esse-P,Unknown,,,,Auto-generated,,,,0.0,0.0,,
ART_NEW_1087,Xtreme Team,Unknown,,,,Auto-generated,,,,0.0,0.0,,
ART_NEW_1088,Don Diegoh,Unknown,,,,Auto-generated,,,,0.0,0.0,,
ART_NEW_1089,Damaxx,Unknown,,,,Auto-generated,,,,0.0,0.0,,
ART_NEW_1090,Frequenza Mista,Unknown,,,,Auto-generated,,,,0.0,0.0,,
ART_NEW_1091,Joker Flow,Unknown,,,,Auto-generated,,,,0.0,0.0,,
ART_NEW_1092,Caputo,Unknown,,,,Auto-generated,,,,0.0,0.0,,
ART_NEW_1093,Vins (ITA),Unknown,,,,Auto-generated,,,,0.0,0.0,,
ART_NEW_1094,Cosmo,Unknown,,,,Auto-generated,,,,0.0,0.0,,
ART_NEW_1095,Simon P,Unknown,,,,Auto-generated,,,,0.0,0.0,,
ART_NEW_1096,Sedato Blend,Unknown,,,,Auto-generated,,,,0.0,0.0,,
ART_NEW_1097,Gow Tribe,Unknown,,,,Auto-generated,,,,0.0,0.0,,
ART_NEW_1098,Alexia,Unknown,,,,Auto-generated,,,,0.0,0.0,,
ART_NEW_1099,Eiffel 65,Unknown,,,,Auto-generated,,,,0.0,0.0,,
ART_NEW_1100,Benny Benassi,Unknown,,,,Auto-generated,,,,0.0,0.0,,
ART_NEW_1101,Read QB,Unknown,,,,Auto-generated,,,,0.0,0.0,,
ART_NEW_1102,Gogna,Unknown,,,,Auto-generated,,,,0.0,0.0,,
ART_NEW_1103,Crine J,Unknown,,,,Auto-generated,,,,0.0,0.0,,
ART_NEW_1104,Sonia Margot,Unknown,,,,Auto-generated,,,,0.0,0.0,,
ART_NEW_1105,Tibber Squadd,Unknown,,,,Auto-generated,,,,0.0,0.0,,
ART_NEW_1106,Fiorella Mannoia,Unknown,,,,Auto-generated,,,,0.0,0.0,,
ART_NEW_1107,TDC21,Unknown,,,,Auto-generated,,,,0.0,0.0,,
ART_NEW_1108,Matt er Nero,Unknown,,,,Auto-generated,,,,0.0,0.0,,
ART_NEW_1109,Zatla,Unknown,,,,Auto-generated,,,,0.0,0.0,,
ART_NEW_1110,Ryuk Zc,Unknown,,,,Auto-generated,,,,0.0,0.0,,
ART_NEW_1111,Fandy (ITA),Unknown,,,,Auto-generated,,,,0.0,0.0,,
ART_NEW_1112,Commando (ITA),Unknown,,,,Auto-generated,,,,0.0,0.0,,
ART_NEW_1113,Yambo (ITA),Unknown,,,,Auto-generated,,,,0.0,0.0,,
ART_NEW_1114,Dardust,Unknown,,,,Auto-generated,,,,0.0,0.0,,
ART_NEW_1115,Gazzelle,Unknown,,,,Auto-generated,,,,0.0,0.0,,
ART_NEW_1116,Pablo Asso,Unknown,,,,Auto-generated,,,,0.0,0.0,,
ART_NEW_1117,MC Binn,Unknown,,,,Auto-generated,,,,0.0,0.0,,
ART_NEW_1118,Remi (ITA),Unknown,,,,Auto-generated,,,,0.0,0.0,,
ART_NEW_1119,Karakaz,Unknown,,,,Auto-generated,,,,0.0,0.0,,
ART_NEW_1120,Kappa (ITA),Unknown,,,,Auto-generated,,,,0.0,0.0,,
ART_NEW_1121,Funky Cabaret,Unknown,,,,Auto-generated,,,,0.0,0.0,,
ART_NEW_1122,Marlon Peroza,Unknown,,,,Auto-generated,,,,0.0,0.0,,
ART_NEW_1123,DJ Pitch,Unknown,,,,Auto-generated,,,,0.0,0.0,,
ART_NEW_1124,DADE,Unknown,,,,Auto-generated,,,,0.0,0.0,,
ART_NEW_1125,Francesco Bearzatti,Unknown,,,,Auto-generated,,,,0.0,0.0,,
ART_NEW_1126,KLAUS NOIR,Unknown,,,,Auto-generated,,,,0.0,0.0,,
ART_NEW_1127,Remo Remotti,Unknown,,,,Auto-generated,,,,0.0,0.0,,
ART_NEW_1128,Mimosa,Unknown,,,,Auto-generated,,,,0.0,0.0,,
ART_NEW_1129,Ugo Crepa,Unknown,,,,Auto-generated,,,,0.0,0.0,,
ART_NEW_1130,Pier Velvet,Unknown,,,,Auto-generated,,,,0.0,0.0,,
ART_NEW_1131,NDG,Unknown,,,,Auto-generated,,,,0.0,0.0,,
ART_NEW_1132,Pacestema,Unknown,,,,Auto-generated,,,,0.0,0.0,,
ART_NEW_1133,RINquore,Unknown,,,,Auto-generated,,,,0.0,0.0,,
ART_NEW_1134,La Rappresentante di Lista,Unknown,,,,Auto-generated,,,,0.0,0.0,,
ART_NEW_1135,Margherita Vicario,Unknown,,,,Auto-generated,,,,0.0,0.0,,
ART_NEW_1136,Max Zanotti,Unknown,,,,Auto-generated,,,,0.0,0.0,,
ART_NEW_1137,Bartender,Unknown,,,,Auto-generated,,,,0.0,0.0,,
ART_NEW_1138,Jaffa Phonix,Unknown,,,,Auto-generated,,,,0.0,0.0,,
ART_NEW_1139,Lirike Taglienti,Unknown,,,,Auto-generated,,,,0.0,0.0,,
ART_NEW_1140,Andy (Lirike Taglienti),Unknown,,,,Auto-generated,,,,0.0,0.0,,
ART_NEW_1141,Marïna (ITA),Unknown,,,,Auto-generated,,,,0.0,0.0,,
ART_NEW_1142,Traffik,Unknown,,,,Auto-generated,,,,0.0,0.0,,
ART_NEW_1143,Oni One,Unknown,,,,Auto-generated,,,,0.0,0.0,,
ART_NEW_1144,Hermit,Unknown,,,,Auto-generated,,,,0.0,0.0,,
ART_NEW_1145,Kaydy Cain,Unknown,,,,Auto-generated,,,,0.0,0.0,,
ART_NEW_1146,City Morgue,Unknown,,,,Auto-generated,,,,0.0,0.0,,
ART_NEW_1147,Ski & Wok,Unknown,,,,Auto-generated,,,,0.0,0.0,,
ART_NEW_1148,GASHI,Unknown,,,,Auto-generated,,,,0.0,0.0,,
ART_NEW_1149,Julie P.,Unknown,,,,Auto-generated,,,,0.0,0.0,,
ART_NEW_1150,Ice One,Unknown,,,,Auto-generated,,,,0.0,0.0,,
ART_NEW_1151,2 Buoni Motivi,Unknown,,,,Auto-generated,,,,0.0,0.0,,
ART_NEW_1152,Danny Losito,Unknown,,,,Auto-generated,,,,0.0,0.0,,
ART_NEW_1153,Maryah,Unknown,,,,Auto-generated,,,,0.0,0.0,,
ART_NEW_1154,Maku Go,Unknown,,,,Auto-generated,,,,0.0,0.0,,
ART_NEW_1155,Jasmine (ITA),Unknown,,,,Auto-generated,,,,0.0,0.0,,
ART_NEW_1156,Graziano Romani,Unknown,,,,Auto-generated,,,,0.0,0.0,,
ART_NEW_1157,Shola Ama,Unknown,,,,Auto-generated,,,,0.0,0.0,,
ART_NEW_1158,Irene Lamedica,Unknown,,,,Auto-generated,,,,0.0,0.0,,
ART_NEW_1159,Cirina,Unknown,,,,Auto-generated,,,,0.0,0.0,,
ART_NEW_1160,Onassis,Unknown,,,,Auto-generated,,,,0.0,0.0,,
ART_NEW_1161,Kay Bianco,Unknown,,,,Auto-generated,,,,0.0,0.0,,
ART_NEW_1162,Laura Bono,Unknown,,,,Auto-generated,,,,0.0,0.0,,
ART_NEW_1163,Sylvie Simbi,Unknown,,,,Auto-generated,,,,0.0,0.0,,
ART_NEW_1164,Chiara Grispo,Unknown,,,,Auto-generated,,,,0.0,0.0,,
ART_NEW_1165,Elisa Rosselli,Unknown,,,,Auto-generated,,,,0.0,0.0,,
ART_NEW_1166,Marco Masini,Unknown,,,,Auto-generated,,,,0.0,0.0,,
ART_NEW_1167,VSA 051,Unknown,,,,Auto-generated,,,,0.0,0.0,,
ART_NEW_1168,Sillyelly,Unknown,,,,Auto-generated,,,,0.0,0.0,,
ART_NEW_1169,Kuremino,Unknown,,,,Auto-generated,,,,0.0,0.0,,
ART_NEW_1170,Cixi,Unknown,,,,Auto-generated,,,,0.0,0.0,,
ART_NEW_1171,Lo Stato Sociale,Unknown,,,,Auto-generated,,,,0.0,0.0,,
ART_NEW_1172,TY1,Unknown,,,,Auto-generated,,,,0.0,0.0,,
ART_NEW_1173,The Kolors,Unknown,,,,Auto-generated,,,,0.0,0.0,,
ART_NEW_1174,Danien,Unknown,,,,Auto-generated,,,,0.0,0.0,,
ART_NEW_1175,Jacopo Èt,Unknown,,,,Auto-generated,,,,0.0,0.0,,
ART_NEW_1176,Lexotan,Unknown,,,,Auto-generated,,,,0.0,0.0,,
ART_NEW_1177,Filippo Giardina,Unknown,,,,Auto-generated,,,,0.0,0.0,,
ART_NEW_1178,Iang Riky,Unknown,,,,Auto-generated,,,,0.0,0.0,,
ART_NEW_1179,Luana Faiv,Unknown,,,,Auto-generated,,,,0.0,0.0,,
ART_NEW_1180,J Balvin,Unknown,,,,Auto-generated,,,,0.0,0.0,,
ART_NEW_1181,Kira (ITA),Unknown,,,,Auto-generated,,,,0.0,0.0,,
ART_NEW_1182,Sayf,Unknown,,,,Auto-generated,,,,0.0,0.0,,
ART_NEW_1183,ENRI,Unknown,,,,Auto-generated,,,,0.0,0.0,,
ART_NEW_1184,Rosolo Roso,Unknown,,,,Auto-generated,,,,0.0,0.0,,
ART_NEW_1185,Dani Caldes,Unknown,,,,Auto-generated,,,,0.0,0.0,,
ART_NEW_1186,Chakra,Unknown,,,,Auto-generated,,,,0.0,0.0,,
ART_NEW_1187,Marte (ITA),Unknown,,,,Auto-generated,,,,0.0,0.0,,
ART_NEW_1188,Tony 2Milli,Unknown,,,,Auto-generated,,,,0.0,0.0,,
ART_NEW_1189,Leon Faun,Unknown,,,,Auto-generated,,,,0.0,0.0,,
ART_NEW_1190,FreshMula,Unknown,,,,Auto-generated,,,,0.0,0.0,,
ART_NEW_1191,Little G,Unknown,,,,Auto-generated,,,,0.0,0.0,,
ART_NEW_1192,Paro Laser,Unknown,,,,Auto-generated,,,,0.0,0.0,,
ART_NEW_1193,Pitto Stail,Unknown,,,,Auto-generated,,,,0.0,0.0,,
ART_NEW_1194,Guezz,Unknown,,,,Auto-generated,,,,0.0,0.0,,
ART_NEW_1195,Tommy Boy,Unknown,,,,Auto-generated,,,,0.0,0.0,,
ART_NEW_1196,BLAZE BYG,Unknown,,,,Auto-generated,,,,0.0,0.0,,
ART_NEW_1197,KKRISNA,Unknown,,,,Auto-generated,,,,0.0,0.0,,
ART_NEW_1198,DAYTONA KK,Unknown,,,,Auto-generated,,,,0.0,0.0,,
ART_NEW_1199,Francis La Potencia,Unknown,,,,Auto-generated,,,,0.0,0.0,,
ART_NEW_1200,Frezza,Unknown,,,,Auto-generated,,,,0.0,0.0,,
ART_NEW_1201,Suspect CB,Unknown,,,,Auto-generated,,,,0.0,0.0,,
ART_NEW_1202,NSTASIA,Unknown,,,,Auto-generated,,,,0.0,0.0,,
ART_NEW_1203,Travis Barker,Unknown,,,,Auto-generated,,,,0.0,0.0,,
ART_NEW_1204,Par-T-One,Unknown,,,,Auto-generated,,,,0.0,0.0,,
ART_NEW_1205,DJ Valium (ITA),Unknown,,,,Auto-generated,,,,0.0,0.0,,
ART_NEW_1206,El Verano,Unknown,,,,Auto-generated,,,,0.0,0.0,,
ART_NEW_1207,Luciennn,Unknown,,,,Auto-generated,,,,0.0,0.0,,
ART_NEW_1208,Leno (Rapper),Unknown,,,,Auto-generated,,,,0.0,0.0,,
ART_NEW_1209,Vevo,Unknown,,,,Auto-generated,,,,0.0,0.0,,
ART_NEW_1210,Sysma,Unknown,,,,Auto-generated,,,,0.0,0.0,,
ART_NEW_1211,Dexa (ITA),Unknown,,,,Auto-generated,,,,0.0,0.0,,
ART_NEW_1212,Xss”,Unknown,,,,Auto-generated,,,,0.0,0.0,,
ART_NEW_1213,DJ MS,Unknown,,,,Auto-generated,,,,0.0,0.0,,
ART_NEW_1214,Ocean Wisdom,Unknown,,,,Auto-generated,,,,0.0,0.0,,
ART_NEW_1215,Ward 21,Unknown,,,,Auto-generated,,,,0.0,0.0,,
ART_NEW_1216,Casadilego,Unknown,,,,Auto-generated,,,,0.0,0.0,,
ART_NEW_1217,Devotion (ITA),Unknown,,,,Auto-generated,,,,0.0,0.0,,
ART_NEW_1218,Skits Vicious e André,Unknown,,,,Auto-generated,,,,0.0,0.0,,
ART_NEW_1219,Belzebass,Unknown,,,,Auto-generated,,,,0.0,0.0,,
ART_NEW_1220,Sally Cruz,Unknown,,,,Auto-generated,,,,0.0,0.0,,
ART_NEW_1221,Headie One,Unknown,,,,Auto-generated,,,,0.0,0.0,,
ART_NEW_1222,YOVNGCHIMI,Unknown,,,,Auto-generated,,,,0.0,0.0,,
ART_NEW_1223,Bianca Costa,Unknown,,,,Auto-generated,,,,0.0,0.0,,
ART_NEW_1224,Tiago PZK,Unknown,,,,Auto-generated,,,,0.0,0.0,,
ART_NEW_1225,Parix Hilton,Unknown,,,,Auto-generated,,,,0.0,0.0,,
ART_NEW_1226,Cranio Randagio,Unknown,,,,Auto-generated,,,,0.0,0.0,,
ART_NEW_1227,Aitch,Unknown,,,,Auto-generated,,,,0.0,0.0,,
ART_NEW_1228,Hoofer,Unknown,,,,Auto-generated,,,,0.0,0.0,,
ART_NEW_1229,Isi Noice,Unknown,,,,Auto-generated,,,,0.0,0.0,,
ART_NEW_1230,Giulia,Unknown,,,,Auto-generated,,,,0.0,0.0,,
ART_NEW_1231,Real Talk,Unknown,,,,Auto-generated,,,,0.0,0.0,,
ART_NEW_1232,Braziliantrapzarra,Unknown,,,,Auto-generated,,,,0.0,0.0,,
ART_NEW_1233,Murcielago,Unknown,,,,Auto-generated,,,,0.0,0.0,,
ART_NEW_1234,Mina,Unknown,,,,Auto-generated,,,,0.0,0.0,,
ART_NEW_1235,Fidia Costantino,Unknown,,,,Auto-generated,,,,0.0,0.0,,
ART_NEW_1236,Nyv,Unknown,,,,Auto-generated,,,,0.0,0.0,,
ART_NEW_1237,Gudda Gudda,Unknown,,,,Auto-generated,,,,0.0,0.0,,
ART_NEW_1238,Mr. P. Simmonds,Unknown,,,,Auto-generated,,,,0.0,0.0,,
ART_NEW_1239,Dave Muldoon,Unknown,,,,Auto-generated,,,,0.0,0.0,,
ART_NEW_1240,Solo Bombe,Unknown,,,,Auto-generated,,,,0.0,0.0,,
ART_NEW_1241,Finley,Unknown,,,,Auto-generated,,,,0.0,0.0,,
ART_NEW_1242,Midas,Unknown,,,,Auto-generated,,,,0.0,0.0,,
ART_NEW_1243,Tokyo (ITA),Unknown,,,,Auto-generated,,,,0.0,0.0,,
ART_NEW_1244,DJ Minga,Unknown,,,,Auto-generated,,,,0.0,0.0,,
ART_NEW_1245,Tommaso Quaranta,Unknown,,,,Auto-generated,,,,0.0,0.0,,
ART_NEW_1246,Caffellatte,Unknown,,,,Auto-generated,,,,0.0,0.0,,
ART_NEW_1247,Spoon,Unknown,,,,Auto-generated,,,,0.0,0.0,,
ART_NEW_1248,Lou Reigns,Unknown,,,,Auto-generated,,,,0.0,0.0,,
ART_NEW_1249,JP ASE,Unknown,,,,Auto-generated,,,,0.0,0.0,,
ART_NEW_1250,GomeZeta,Unknown,,,,Auto-generated,,,,0.0,0.0,,
ART_NEW_1251,Pier Cortese,Unknown,,,,Auto-generated,,,,0.0,0.0,,
ART_NEW_1252,€nya (Producer),Unknown,,,,Auto-generated,,,,0.0,0.0,,
ART_NEW_1253,Jemal,Unknown,,,,Auto-generated,,,,0.0,0.0,,
ART_NEW_1254,Beng (ITA),Unknown,,,,Auto-generated,,,,0.0,0.0,,
ART_NEW_1255,SopreMan,Unknown,,,,Auto-generated,,,,0.0,0.0,,
ART_NEW_1256,Ornella,Unknown,,,,Auto-generated,,,,0.0,0.0,,
ART_NEW_1257,Yves (UK),Unknown,,,,Auto-generated,,,,0.0,0.0,,
ART_NEW_1258,Lapo Raggiro,Unknown,,,,Auto-generated,,,,0.0,0.0,,
ART_NEW_1259,Thekeenone,Unknown,,,,Auto-generated,,,,0.0,0.0,,
ART_NEW_1260,Giulia Jean,Unknown,,,,Auto-generated,,,,0.0,0.0,,
ART_NEW_1261,Corrado. (Dirty),Unknown,,,,Auto-generated,,,,0.0,0.0,,
ART_NEW_1262,Sofía Reyes,Unknown,,,,Auto-generated,,,,0.0,0.0,,
ART_NEW_1263,Anitta,Unknown,,,,Auto-generated,,,,0.0,0.0,,
ART_NEW_1264,Cicco Sanchez,Unknown,,,,Auto-generated,,,,0.0,0.0,,
ART_NEW_1265,Southside Ciccio,Unknown,,,,Auto-generated,,,,0.0,0.0,,
ART_NEW_1266,Xwond,Unknown,,,,Auto-generated,,,,0.0,0.0,,
ART_NEW_1267,Daniel Cosmic,Unknown,,,,Auto-generated,,,,0.0,0.0,,
ART_NEW_1268,malo (ITA),Unknown,,,,Auto-generated,,,,0.0,0.0,,
ART_NEW_1269,Fuego,Unknown,,,,Auto-generated,,,,0.0,0.0,,
ART_NEW_1270,Juanfran,Unknown,,,,Auto-generated,,,,0.0,0.0,,
ART_NEW_1271,Trippie Redd,Unknown,,,,Auto-generated,,,,0.0,0.0,,
ART_NEW_1272,Zara Larsson,Unknown,,,,Auto-generated,,,,0.0,0.0,,
ART_NEW_1273,Luciouz,Unknown,,,,Auto-generated,,,,0.0,0.0,,
ART_NEW_1274,CARA,Unknown,,,,Auto-generated,,,,0.0,0.0,,
ART_NEW_1275,Simon de Jano,Unknown,,,,Auto-generated,,,,0.0,0.0,,
ART_NEW_1276,LP,Unknown,,,,Auto-generated,,,,0.0,0.0,,
ART_NEW_1277,Punkreas,Unknown,,,,Auto-generated,,,,0.0,0.0,,
ART_NEW_1278,Pankees,Unknown,,,,Auto-generated,,,,0.0,0.0,,
ART_NEW_1279,DJ Frak,Unknown,,,,Auto-generated,,,,0.0,0.0,,
ART_NEW_1280,Cili Man,Unknown,,,,Auto-generated,,,,0.0,0.0,,
ART_NEW_1281,Sbend,Unknown,,,,Auto-generated,,,,0.0,0.0,,
ART_NEW_1282,Dari Mc,Unknown,,,,Auto-generated,,,,0.0,0.0,,
ART_NEW_1283,Manny G,Unknown,,,,Auto-generated,,,,0.0,0.0,,
ART_NEW_1284,DJ Frak (ITA),Unknown,,,,Auto-generated,,,,0.0,0.0,,
ART_NEW_1285,Sammy (ITA),Unknown,,,,Auto-generated,,,,0.0,0.0,,
ART_NEW_1286,Ira (ITA),Unknown,,,,Auto-generated,,,,0.0,0.0,,
ART_NEW_1287,Skone (ITA),Unknown,,,,Auto-generated,,,,0.0,0.0,,
ART_NEW_1288,Calcutta,Unknown,,,,Auto-generated,,,,0.0,0.0,,
ART_NEW_1289,Ada Reina,Unknown,,,,Auto-generated,,,,0.0,0.0,,
ART_NEW_1290,Misa,Unknown,,,,Auto-generated,,,,0.0,0.0,,
