"year","name","Songs this Year"
"2025","guè pequeno","35"
"2025","ghemon","24"
"2025","dani faiv","21"
"2025","rkomi","21"
"2025","lazza","20"
"2025","papa v","20"
"2025","luchè","18"
"2025","rose villain","18"
"2025","nerone","17"
"2025","salmo","17"
"2025","jake la furia","16"
"2025","rocco hunt","14"
"2025","sfera ebbasta","14"
"2025","coez","12"
"2025","miss keta","12"
"2025","mondo marcio","12"
"2025","achille lauro","11"
"2025","neffa","10"
"2025","inoki","9"
"2025","rosa chemical","9"
"2025","tony boy","7"
"2025","willie peyote","7"
"2025","fabri fibra","6"
"2025","tony effe","6"
"2025","alfa","5"
"2025","ernia","5"
"2025","samuel heron","5"
"2025","shiva","5"
"2025","tormento","5"
"2025","vacca","5"
"2025","Artie 5ive","4"
"2025","geolier","4"
"2025","Joshua (ITA)","4"
"2025","Nerissima Serpe","4"
"2025","​chiello","3"
"2025","18K","3"
"2025","Bresh","3"
"2025","fedez","3"
"2025","frah quintale","3"
"2025","gemitaiz","3"
"2025","ghali","3"
"2025","madman","3"
"2025","mambolosco","3"
"2025","marracash","3"
"2025","niky savage","3"
"2025","nitro","3"
"2025","noyz narcos","3"
"2025","rondodasosa","3"
"2025","shablo","3"
"2025","Baby Gang","2"
"2025","beba","2"
"2025","bigmama","2"
"2025","chadia rodriguez","2"
"2025","doll kill","2"
"2025","drefgold","2"
"2025","Ele A","2"
"2025","emis killa","2"
"2025","Franco126","2"
"2025","fred de palma","2"
"2025","IZI","2"
"2025","Kid Yugi","2"
"2025","Low-Red","2"
"2025","Macello","2"
"2025","massimo pericolo","2"
"2025","tedua","2"
"2025","​anice","1"
"2025","​Margola","1"
"2025","22simba","1"
"2025","Alborosie","1"
"2025","anna pepe","1"
"2025","Axos","1"
"2025","babaman","1"
"2025","baby k","1"
"2025","capo plaza","1"
"2025","CLARA","1"
"2025","clementino","1"
"2025","CoCo","1"
"2025","Cuta","1"
"2025","dargen d_amico","1"
"2025","Disme","1"
"2025","Ditonellapiaga","1"
"2025","Eddy Veerus","1"
"2025","ensi","1"
"2025","Francesca Michielin","1"
"2025","Freeze Corleone","1"
"2025","FreshMula","1"
"2025","Frezza","1"
"2025","Gigi D’Alessio","1"
"2025","Giorgia","1"
"2025","Giorno Giovanna","1"
"2025","Glocky","1"
"2025","Heartman","1"
"2025","il tre","1"
"2025","Irama","1"
"2025","jack the smoker","1"
"2025","Joan Thiele","1"
"2025","johnny marsiglia","1"
"2025","Kaash Paige","1"
"2025","Kaos","1"
"2025","Kevin Mopao","1"
"2025","KKRISNA","1"
"2025","Kuremino","1"
"2025","Laura Pausini","1"
"2025","Lele Adani","1"
"2025","Lil Tjay","1"
"2025","Lucariello","1"
"2025","mahmood","1"
"2025","Marte (ITA)","1"
"2025","Mattak","1"
"2025","Mefisto Brass","1"
"2025","mr. rain","1"
"2025","nayt","1"
"2025","nesli","1"
"2025","Nox (ITA)","1"
"2025","Ntò","1"
"2025","Pitta (ITA)","1"
"2025","priestess","1"
"2025","PUGNI","1"
"2025","Pyrex (ITA)","1"
"2025","Rasty Kilo","1"
"2025","Remmy","1"
"2025","Rhove","1"
"2025","Rick Ross","1"
"2025","Sayf","1"
"2025","Shari","1"
"2025","Simba La Rue","1"
"2025","skioffi","1"
"2025","Stadio","1"
"2025","STE (cantante)","1"
"2025","Suspect CB","1"
"2025","Terron Fabio","1"
"2025","thasup","1"
"2025","Tiromancino","1"
"2025","Tommaso Paradiso","1"
"2025","Tommaso Quaranta","1"
"2025","Tony 2Milli","1"
"2025","Tredici Pietro","1"
"2025","Vaz Tè","1"
"2025","Zibba","1"
"2024","geolier","36"
"2024","tony boy","32"
"2024","capo plaza","29"
"2024","lazza","24"
"2024","shiva","24"
"2024","rondodasosa","23"
"2024","tony effe","22"
"2024","anna pepe","20"
"2024","drefgold","19"
"2024","articolo 31","17"
"2024","vacca","17"
"2024","jack the smoker","16"
"2024","marracash","16"
"2024","niky savage","16"
"2024","madman","15"
"2024","rose villain","15"
"2024","mahmood","14"
"2024","tedua","14"
"2024","thasup","14"
"2024","bigmama","13"
"2024","cor veleno","13"
"2024","guè pequeno","13"
"2024","dargen d_amico","12"
"2024","skioffi","12"
"2024","alfa","11"
"2024","club dogo","11"
"2024","mike24","11"
"2024","papa v","11"
"2024","massimo pericolo","10"
"2024","piotta","10"
"2024","willie peyote","10"
"2024","dani faiv","9"
"2024","mr. rain","9"
"2024","nerone","8"
"2024","salmo","8"
"2024","yung snapp","8"
"2024","fedez","7"
"2024","grido","7"
"2024","Artie 5ive","6"
"2024","fabri fibra","6"
"2024","achille lauro","5"
"2024","caneda","5"
"2024","gemitaiz","5"
"2024","ghali","5"
"2024","mudimbi","5"
"2024","sfera ebbasta","5"
"2024","beba","4"
"2024","Bresh","4"
"2024","chadia rodriguez","4"
"2024","emis killa","4"
"2024","fred de palma","4"
"2024","il tre","4"
"2024","inoki","4"
"2024","Kid Yugi","4"
"2024","Annalisa","3"
"2024","jake la furia","3"
"2024","luchè","3"
"2024","mambolosco","3"
"2024","miss keta","3"
"2024","mondo marcio","3"
"2024","nitro","3"
"2024","Paky","3"
"2024","Pyrex (ITA)","3"
"2024","rocco hunt","3"
"2024","Simba La Rue","3"
"2024","Angelina Mango","2"
"2024","DJ Bront","2"
"2024","DJ Skizo","2"
"2024","don joe","2"
"2024","ensi","2"
"2024","ernia","2"
"2024","Gaia","2"
"2024","ghemon","2"
"2024","IZI","2"
"2024","LA NIÑA","2"
"2024","madame","2"
"2024","neffa","2"
"2024","nesli","2"
"2024","rkomi","2"
"2024","rosa chemical","2"
"2024","samuel heron","2"
"2024","Side Baby","2"
"2024","​chiello","1"
"2024","​loge (logedelrey)","1"
"2024","Angèle","1"
"2024","Armani Doc","1"
"2024","Assalti Frontali","1"
"2024","Astro (ITA)","1"
"2024","Baby Gang","1"
"2024","baby k","1"
"2024","Barrabravas","1"
"2024","Beatrice Quinta","1"
"2024","Bugo","1"
"2024","Chiky Realeza","1"
"2024","CLARA","1"
"2024","clementino","1"
"2024","Co’Sang","1"
"2024","colle der fomento","1"
"2024","Commando (ITA)","1"
"2024","Conway the Machine","1"
"2024","Disme","1"
"2024","Diss Gacha","1"
"2024","Ditonellapiaga","1"
"2024","DJ Ghost aka Steeni","1"
"2024","doll kill","1"
"2024","Don Pero","1"
"2024","Ele A","1"
"2024","Elmatadormc7","1"
"2024","Elodie","1"
"2024","Emma","1"
"2024","ENRI","1"
"2024","Fabio Zanello","1"
"2024","Fandy (ITA)","1"
"2024","Faneto","1"
"2024","frah quintale","1"
"2024","Franco126","1"
"2024","Fudasca","1"
"2024","G Leggenda","1"
"2024","Ghile","1"
"2024","Gigi D’Alessio","1"
"2024","Ginko","1"
"2024","j-ax","1"
"2024","Joshua (ITA)","1"
"2024","Ketama126","1"
"2024","KLAUS NOIR","1"
"2024","Kuremino","1"
"2024","LA SAD","1"
"2024","Laura Pausini","1"
"2024","Lele Blade","1"
"2024","Lil Baby","1"
"2024","Lil Tjay","1"
"2024","Lil’ Pin","1"
"2024","Louis Dee","1"
"2024","Maria Becerra","1"
"2024","Marlon Peroza","1"
"2024","Mattaman","1"
"2024","Maury B","1"
"2024","Mostro","1"
"2024","MV Killa","1"
"2024","Nardo Wick","1"
"2024","NASKA","1"
"2024","nayt","1"
"2024","Neima Ezza","1"
"2024","Nerissima Serpe","1"
"2024","Nina Zilli","1"
"2024","NLE Choppa","1"
"2024","Pessimo 17","1"
"2024","Pinguini Tattici Nucleari","1"
"2024","Primo Brown","1"
"2024","PUGNI","1"
"2024","Ranabis","1"
"2024","Rasty Kilo","1"
"2024","Rhove","1"
"2024","Rik Rox","1"
"2024","Roberto Vecchioni","1"
"2024","Ryuk Zc","1"
"2024","shablo","1"
"2024","shade","1"
"2024","Shari","1"
"2024","Silent Bob","1"
"2024","Sillyelly","1"
"2024","Sissi","1"
"2024","Slim Soledad","1"
"2024","Spender","1"
"2024","Terrasanta","1"
"2024","Tiromancino","1"
"2024","Tokyo (ITA)","1"
"2024","Ugo Borghetti","1"
"2024","Ugo Crepa","1"
"2024","Ultimo","1"
"2024","Vale Lambo","1"
"2024","Vale Pain","1"
"2024","Vaz Tè","1"
"2024","VillaBanks","1"
"2024","Vincenzo Fasano","1"
"2024","VSA 051","1"
"2024","Yambo (ITA)","1"
"2024","Zatla","1"
"2024","Zinghero","1"
"2023","tony boy","33"
"2023","geolier","30"
"2023","dani faiv","28"
"2023","gemitaiz","24"
"2023","salmo","24"
"2023","emis killa","23"
"2023","guè pequeno","21"
"2023","massimo pericolo","20"
"2023","tedua","20"
"2023","il tre","19"
"2023","nitro","19"
"2023","madame","18"
"2023","mambolosco","18"
"2023","sfera ebbasta","18"
"2023","shiva","18"
"2023","nerone","17"
"2023","nesli","17"
"2023","johnny marsiglia","16"
"2023","coez","14"
"2023","rose villain","14"
"2023","yung snapp","14"
"2023","ghali","13"
"2023","don joe","12"
"2023","shade","11"
"2023","luchè","9"
"2023","mudimbi","9"
"2023","anna pepe","7"
"2023","rondodasosa","7"
"2023","thasup","7"
"2023","ernia","6"
"2023","lazza","6"
"2023","marracash","6"
"2023","papa v","6"
"2023","vacca","6"
"2023","caneda","5"
"2023","Kid Yugi","5"
"2023","articolo 31","4"
"2023","Baby Gang","4"
"2023","capo plaza","4"
"2023","jake la furia","4"
"2023","mahmood","4"
"2023","niky savage","4"
"2023","Paky","4"
"2023","tony effe","4"
"2023","alfa","3"
"2023","chadia rodriguez","3"
"2023","Disme","3"
"2023","drefgold","3"
"2023","fabri fibra","3"
"2023","fred de palma","3"
"2023","mike24","3"
"2023","mr. rain","3"
"2023","noyz narcos","3"
"2023","roshelle","3"
"2023","samuel heron","3"
"2023","Vegas Jones","3"
"2023","VillaBanks","3"
"2023","achille lauro","2"
"2023","Artie 5ive","2"
"2023","Astro (ITA)","2"
"2023","bigmama","2"
"2023","Bresh","2"
"2023","Davide Shorty","2"
"2023","Diss Gacha","2"
"2023","ensi","2"
"2023","Federica Abbate","2"
"2023","fedez","2"
"2023","frah quintale","2"
"2023","inoki","2"
"2023","jack the smoker","2"
"2023","j-ax","2"
"2023","Lele Blade","2"
"2023","madman","2"
"2023","miss keta","2"
"2023","MV Killa","2"
"2023","Neima Ezza","2"
"2023","Nerissima Serpe","2"
"2023","Nicola Siciliano","2"
"2023","Niko Pandetta","2"
"2023","rkomi","2"
"2023","rocco hunt","2"
"2023","rosa chemical","2"
"2023","Silent Bob","2"
"2023","Simba La Rue","2"
"2023","skioffi","2"
"2023","Slings","2"
"2023","Speranza","2"
"2023","Vale Pain","2"
"2023","willie peyote","2"
"2023","yeиdry","2"
"2023","​​yungest Moonstar","1"
"2023","​bnkr44","1"
"2023","​sangiovanni","1"
"2023","18K","1"
"2023","Armani Doc","1"
"2023","baby k","1"
"2023","beba","1"
"2023","Benny the Butcher","1"
"2023","Boro","1"
"2023","Carl Brave","1"
"2023","Chakra","1"
"2023","CLARA","1"
"2023","clementino","1"
"2023","CoCo","1"
"2023","Coma_Cose","1"
"2023","dargen d_amico","1"
"2023","DAYTONA KK","1"
"2023","DJ Shocca","1"
"2023","Draganov","1"
"2023","Elisa","1"
"2023","Elodie","1"
"2023","ENRI","1"
"2023","Enzo Benz","1"
"2023","Enzo Dong","1"
"2023","Fasma","1"
"2023","Federica Carta","1"
"2023","Fight Pausa","1"
"2023","Francis La Potencia","1"
"2023","Franco126","1"
"2023","FreshMula","1"
"2023","Giaime","1"
"2023","Gianni Bismark","1"
"2023","Giorgia","1"
"2023","Hanami","1"
"2023","Icy Subzero","1"
"2023","Il Ghost","1"
"2023","J Balvin","1"
"2023","JAY1","1"
"2023","Joan Thiele","1"
"2023","JSN","1"
"2023","Ketama126","1"
"2023","Kira (ITA)","1"
"2023","Less Torrance","1"
"2023","Lil Kvneki","1"
"2023","MACE","1"
"2023","Maruego","1"
"2023","Mattak","1"
"2023","Medy","1"
"2023","MezzoSangue","1"
"2023","Mikush","1"
"2023","mondo marcio","1"
"2023","Mostro","1"
"2023","Napoleone","1"
"2023","nayt","1"
"2023","NIO (ITA)","1"
"2023","NLE Choppa","1"
"2023","Not Good","1"
"2023","Olly","1"
"2023","Post Nebbia","1"
"2023","priestess","1"
"2023","Pyrex (ITA)","1"
"2023","Rafilù","1"
"2023","Rizzo","1"
"2023","RollzRois","1"
"2023","Rome Fortune","1"
"2023","Rosolo Roso","1"
"2023","Sacky","1"
"2023","Sally Cruz","1"
"2023","Shari","1"
"2023","Side Baby","1"
"2023","Soolking","1"
"2023","Thoé (ITA)","1"
"2023","Tiago PZK","1"
"2023","Uzi Lvke","1"
"2023","Vale Lambo","1"
"2023","Vaz Tè","1"
"2023","Vettosi","1"
"2023","Vion","1"
"2023","YOVNGCHIMI","1"
"2023","Zoelle","1"
"2022","lazza","36"
"2022","shiva","31"
"2022","thasup","24"
"2022","noyz narcos","23"
"2022","rondodasosa","22"
"2022","fabri fibra","19"
"2022","luchè","19"
"2022","ernia","18"
"2022","dani faiv","17"
"2022","clementino","16"
"2022","salmo","16"
"2022","gemitaiz","15"
"2022","miss keta","15"
"2022","vacca","15"
"2022","capo plaza","14"
"2022","dargen d_amico","14"
"2022","jake la furia","14"
"2022","mondo marcio","14"
"2022","papa v","14"
"2022","rancore","14"
"2022","tony boy","13"
"2022","coez","12"
"2022","ghali","12"
"2022","mistaman","12"
"2022","willie peyote","12"
"2022","mr. rain","11"
"2022","cor veleno","10"
"2022","rkomi","10"
"2022","bigmama","9"
"2022","fred de palma","9"
"2022","geolier","9"
"2022","guè pequeno","9"
"2022","inoki","9"
"2022","achille lauro","8"
"2022","alfa","8"
"2022","anna pepe","8"
"2022","madame","8"
"2022","ensi","7"
"2022","Ze In The Clouds","7"
"2022","emis killa","6"
"2022","nesli","6"
"2022","rocco hunt","6"
"2022","rose villain","6"
"2022","frah quintale","5"
"2022","marracash","5"
"2022","niky savage","5"
"2022","sfera ebbasta","5"
"2022","doll kill","4"
"2022","il tre","4"
"2022","mambolosco","4"
"2022","nerone","4"
"2022","Speranza","4"
"2022","yung snapp","4"
"2022","brusco","3"
"2022","chadia rodriguez","3"
"2022","drefgold","3"
"2022","fedez","3"
"2022","jack the smoker","3"
"2022","massimo pericolo","3"
"2022","Slings","3"
"2022","tedua","3"
"2022","tony effe","3"
"2022","tormento","3"
"2022","yeиdry","3"
"2022","1Drop","2"
"2022","Astro (ITA)","2"
"2022","baby k","2"
"2022","CoCo","2"
"2022","David Blank","2"
"2022","Franco126","2"
"2022","Gazo","2"
"2022","Ketama126","2"
"2022","LA NIÑA","2"
"2022","madman","2"
"2022","Metal Carter","2"
"2022","nayt","2"
"2022","neffa","2"
"2022","Paky","2"
"2022","priestess","2"
"2022","rosa chemical","2"
"2022","Russ Millions","2"
"2022","shade","2"
"2022","skioffi","2"
"2022","8blevrai","1"
"2022","Ana Mena","1"
"2022","Annalisa","1"
"2022","ARIETE","1"
"2022","Arisa","1"
"2022","ARTAN","1"
"2022","Axell","1"
"2022","Baby Gang","1"
"2022","beba","1"
"2022","Bianca Costa","1"
"2022","Bilal Hassani","1"
"2022","Boyrebecca","1"
"2022","Caffellatte","1"
"2022","Calibro 35","1"
"2022","Cam’ron","1"
"2022","Click Head","1"
"2022","cmqmartina","1"
"2022","COLAPESCEDIMARTINO","1"
"2022","Daniel Cosmic","1"
"2022","Drast","1"
"2022","El Verano","1"
"2022","Elisa","1"
"2022","Enzo Dong","1"
"2022","Etta (ITA)","1"
"2022","Fast Animals and Slow Kids","1"
"2022","Federica Abbate","1"
"2022","Francesca Michielin","1"
"2022","Francesco Bearzatti","1"
"2022","French Montana","1"
"2022","Fuego","1"
"2022","Gabe Simon","1"
"2022","Gaia","1"
"2022","Gast","1"
"2022","Gemello","1"
"2022","grido","1"
"2022","Hatik","1"
"2022","Isabella Santacroce","1"
"2022","J Lord","1"
"2022","j-ax","1"
"2022","Josiah and the Bonnevilles","1"
"2022","Karakaz","1"
"2022","Ketra","1"
"2022","Kiddy Smile","1"
"2022","KKRISNA","1"
"2022","Koba LaD","1"
"2022","Leon Faun","1"
"2022","Leslie (ITA)","1"
"2022","Leto","1"
"2022","Lous and The Yakuza","1"
"2022","Luciennn","1"
"2022","mahmood","1"
"2022","Malena Nazionale","1"
"2022","malo (ITA)","1"
"2022","Mara Sattei","1"
"2022","Marco Mengoni","1"
"2022","Mattak","1"
"2022","Maurizio Carucci","1"
"2022","Michela Giraud","1"
"2022","MIKA","1"
"2022","mike24","1"
"2022","Mimosa","1"
"2022","Nello Taver","1"
"2022","Nerissima Serpe","1"
"2022","Nicola Siciliano","1"
"2022","Nina Zilli","1"
"2022","Noemi","1"
"2022","Nyv","1"
"2022","Omar Montes","1"
"2022","Pinguini Tattici Nucleari","1"
"2022","Post Nebbia","1"
"2022","Pyrex (ITA)","1"
"2022","Raekwon","1"
"2022","Rasty Kilo","1"
"2022","Remo Remotti","1"
"2022","Rhove","1"
"2022","Sa Razza","1"
"2022","Samuel","1"
"2022","shablo","1"
"2022","Simba La Rue","1"
"2022","sottotono","1"
"2022","Southside Ciccio","1"
"2022","Styles P","1"
"2022","Takagi","1"
"2022","Takagi & Ketra","1"
"2022","Tananai","1"
"2022","Thirstin Howl III","1"
"2022","Tory Lanez","1"
"2022","Vale Pain","1"
"2022","Venerus","1"
"2022","Xwond","1"
"2021","guè pequeno","55"
"2021","rkomi","33"
"2021","inoki","28"
"2021","tony boy","28"
"2021","emis killa","26"
"2021","capo plaza","23"
"2021","salmo","23"
"2021","shiva","21"
"2021","achille lauro","20"
"2021","madame","20"
"2021","marracash","20"
"2021","nerone","20"
"2021","fedez","19"
"2021","il tre","19"
"2021","mahmood","19"
"2021","massimo pericolo","18"
"2021","coez","17"
"2021","skioffi","17"
"2021","tony effe","17"
"2021","ghemon","16"
"2021","madman","16"
"2021","rocco hunt","16"
"2021","beba","15"
"2021","j-ax","15"
"2021","vacca","15"
"2021","caneda","14"
"2021","caparezza","14"
"2021","fred de palma","14"
"2021","sottotono","14"
"2021","ernia","13"
"2021","neffa","13"
"2021","baby k","11"
"2021","don joe","11"
"2021","frah quintale","11"
"2021","tedua","11"
"2021","alfa","10"
"2021","brusco","10"
"2021","rondodasosa","10"
"2021","rosa chemical","10"
"2021","sfera ebbasta","10"
"2021","gemitaiz","9"
"2021","mr. rain","9"
"2021","drefgold","8"
"2021","ensi","8"
"2021","roshelle","8"
"2021","geolier","7"
"2021","jake la furia","7"
"2021","mondo marcio","7"
"2021","mambolosco","6"
"2021","nitro","6"
"2021","rose villain","6"
"2021","lazza","5"
"2021","miss keta","5"
"2021","Carl Brave","4"
"2021","dani faiv","4"
"2021","J Lord","4"
"2021","noyz narcos","4"
"2021","Paky","4"
"2021","shade","4"
"2021","thasup","4"
"2021","yeиdry","4"
"2021","anna pepe","3"
"2021","ARIETE","3"
"2021","bigmama","3"
"2021","Boro","3"
"2021","chadia rodriguez","3"
"2021","clementino","3"
"2021","dargen d_amico","3"
"2021","entics","3"
"2021","fabri fibra","3"
"2021","Gaia","3"
"2021","luchè","3"
"2021","MV Killa","3"
"2021","samuel heron","3"
"2021","Speranza","3"
"2021","​chiello","2"
"2021","99 posse","2"
"2021","BLANCO","2"
"2021","Block Mameli","2"
"2021","Elisa","2"
"2021","Elodie","2"
"2021","Franco126","2"
"2021","ghali","2"
"2021","Irama","2"
"2021","mike24","2"
"2021","Montenero","2"
"2021","Nex Cassel","2"
"2021","niky savage","2"
"2021","Not Good","2"
"2021","piotta","2"
"2021","Pyrex (ITA)","2"
"2021","Rafilù","2"
"2021","Sacky","2"
"2021","Samurai Jay","2"
"2021","Shari","2"
"2021","Silent Bob","2"
"2021","tormento","2"
"2021","Venerus","2"
"2021","VillaBanks","2"
"2021","willie peyote","2"
"2021","yung snapp","2"
"2021","​loge (logedelrey)","1"
"2021","167 Gang","1"
"2021","2Rari","1"
"2021","A Boogie wit da Hoodie","1"
"2021","A$AP Ferg","1"
"2021","Alice Pagani","1"
"2021","Angelino Panebianco","1"
"2021","Anitta","1"
"2021","Axos","1"
"2021","Aya Nakamura","1"
"2021","Birdy","1"
"2021","Boomdabash","1"
"2021","Bresh","1"
"2021","Brokenspeakers","1"
"2021","Calcutta","1"
"2021","CARA","1"
"2021","Casadilego","1"
"2021","Central Cee","1"
"2021","Chiara Ferragni","1"
"2021","CoCo","1"
"2021","Coma_Cose","1"
"2021","cor veleno","1"
"2021","Crookers","1"
"2021","Damian Marley","1"
"2021","Danien","1"
"2021","Danti","1"
"2021","Dardust","1"
"2021","Disme","1"
"2021","DJ Shocca","1"
"2021","DPCM","1"
"2021","Drast","1"
"2021","Duellz","1"
"2021","Dutchavelli","1"
"2021","El Piurri","1"
"2021","Emi Lo Zio","1"
"2021","Erika Lei","1"
"2021","Ermal Meta","1"
"2021","eva rea","1"
"2021","Federica Abbate","1"
"2021","Francesco Sarcina","1"
"2021","frankie hi-nrg mc","1"
"2021","Gazo","1"
"2021","Gazzelle","1"
"2021","Ghile","1"
"2021","Giaime","1"
"2021","Gianni Bismark","1"
"2021","Gigi D’Alessio","1"
"2021","grido","1"
"2021","Gucci Mane","1"
"2021","Gunna","1"
"2021","Headie One","1"
"2021","Hopsin","1"
"2021","Il Ghost","1"
"2021","Ill Nacho","1"
"2021","Inamos","1"
"2021","Incis ZONE","1"
"2021","Ivan (ITA)","1"
"2021","IZI","1"
"2021","jack the smoker","1"
"2021","Jadakiss","1"
"2021","Jamil","1"
"2021","Juanfran","1"
"2021","Ketama126","1"
"2021","Kevin Mopao","1"
"2021","KushGad","1"
"2021","Lele Adani","1"
"2021","Lele Blade","1"
"2021","LIBERATO","1"
"2021","Lil Baby","1"
"2021","Lil Tjay","1"
"2021","Lil’ Pin","1"
"2021","Livio Cori","1"
"2021","Louis Dee","1"
"2021","Low Kidd","1"
"2021","Luciano","1"
"2021","Margherita Vicario","1"
"2021","Maruego","1"
"2021","Mattaman","1"
"2021","Matthew Marcantonio","1"
"2021","Mecna","1"
"2021","Mera (ITA)","1"
"2021","MIDO","1"
"2021","Mishel Domenssain","1"
"2021","Morad","1"
"2021","Mostro","1"
"2021","Mozart La Para","1"
"2021","Mr.Cioni","1"
"2021","Naive","1"
"2021","nayt","1"
"2021","Nerissima Serpe","1"
"2021","Night Skinny","1"
"2021","Noemi","1"
"2021","North of Loreto","1"
"2021","Ntò","1"
"2021","Nyv","1"
"2021","O.G GANG","1"
"2021","Olly","1"
"2021","Omar Montes","1"
"2021","Par-T-One","1"
"2021","Philip","1"
"2021","Pinguini Tattici Nucleari","1"
"2021","Primo Brown","1"
"2021","RADICAL","1"
"2021","rancore","1"
"2021","Rasty Kilo","1"
"2021","Rick Ross","1"
"2021","Rico Mendossa","1"
"2021","Rik Rox","1"
"2021","RollzRois","1"
"2021","Samuel","1"
"2021","shablo","1"
"2021","Side Baby","1"
"2021","slait","1"
"2021","Slings","1"
"2021","Smokepurpp","1"
"2021","Stash","1"
"2021","Sud Sound System","1"
"2021","Tahnee Rodriguez","1"
"2021","Tananai","1"
"2021","Ted Bee","1"
"2021","Tion Wayne","1"
"2021","Tiziano Ferro","1"
"2021","Tommaso Paradiso","1"
"2021","TOMMY DALI","1"
"2021","Touché","1"
"2021","Vegas Jones","1"
"2021","Vettosi","1"
"2021","Vincenzo da Via Anfossi","1"
"2021","Vipra","1"
"2021","Wairaki","1"
"2021","Wayne","1"
"2021","Woodkid","1"
"2021","Yamba","1"
"2021","Zano","1"
"2020","gemitaiz","33"
"2020","lazza","31"
"2020","tedua","29"
"2020","achille lauro","28"
"2020","dani faiv","27"
"2020","guè pequeno","26"
"2020","tony boy","26"
"2020","vacca","26"
"2020","emis killa","25"
"2020","ghali","23"
"2020","nitro","23"
"2020","rosa chemical","22"
"2020","jack the smoker","21"
"2020","shiva","20"
"2020","j-ax","19"
"2020","drefgold","17"
"2020","sfera ebbasta","17"
"2020","thasup","17"
"2020","dargen d_amico","16"
"2020","dark polo gang","15"
"2020","slait","15"
"2020","ernia","14"
"2020","frah quintale","14"
"2020","mambolosco","14"
"2020","geolier","12"
"2020","ghemon","12"
"2020","capo plaza","11"
"2020","mike24","11"
"2020","piotta","11"
"2020","rondodasosa","11"
"2020","ensi","9"
"2020","madame","9"
"2020","miss keta","9"
"2020","nerone","9"
"2020","priestess","9"
"2020","fabri fibra","8"
"2020","mahmood","8"
"2020","mudimbi","8"
"2020","anna pepe","7"
"2020","beba","7"
"2020","il tre","7"
"2020","massimo pericolo","7"
"2020","salmo","7"
"2020","caneda","6"
"2020","madman","6"
"2020","marracash","6"
"2020","rose villain","6"
"2020","samuel heron","6"
"2020","skioffi","6"
"2020","alfa","5"
"2020","doll kill","5"
"2020","eva rea","5"
"2020","jake la furia","5"
"2020","luchè","5"
"2020","Annalisa","4"
"2020","baby k","4"
"2020","chadia rodriguez","4"
"2020","hell raton","4"
"2020","IZI","4"
"2020","mondo marcio","4"
"2020","rancore","4"
"2020","rkomi","4"
"2020","rocco hunt","4"
"2020","roshelle","4"
"2020","Samurai Jay","4"
"2020","shade","4"
"2020","coez","3"
"2020","fedez","3"
"2020","fred de palma","3"
"2020","inoki","3"
"2020","mr. rain","3"
"2020","Paky","3"
"2020","shablo","3"
"2020","Taxi B","3"
"2020","tony effe","3"
"2020","willie peyote","3"
"2020","bigmama","2"
"2020","Boro","2"
"2020","Carl Brave","2"
"2020","clementino","2"
"2020","Dardust","2"
"2020","don joe","2"
"2020","Eiffel 65","2"
"2020","frankie hi-nrg mc","2"
"2020","Giaime","2"
"2020","Gow Tribe","2"
"2020","L’Elfo","2"
"2020","MR Rizzus","2"
"2020","papa v","2"
"2020","Pyrex (ITA)","2"
"2020","Vale Pain","2"
"2020","Vaz Tè","2"
"2020","Vegas Jones","2"
"2020","yeиdry","2"
"2020","7ARI","1"
"2020","Abby 6ix","1"
"2020","Alborosie","1"
"2020","Alexia","1"
"2020","Anitta","1"
"2020","Axos","1"
"2020","babaman","1"
"2020","bbno$","1"
"2020","Benny Benassi","1"
"2020","Block Mameli","1"
"2020","Boomdabash","1"
"2020","Bresh","1"
"2020","Charlie KDM","1"
"2020","Chiara Ferragni","1"
"2020","CoCo","1"
"2020","Cris Enemy","1"
"2020","Cuzzo","1"
"2020","D’African","1"
"2020","Davido","1"
"2020","Ddrugz","1"
"2020","Disme","1"
"2020","Drast","1"
"2020","Dutch Nazari","1"
"2020","Elisa","1"
"2020","Elodie","1"
"2020","En?gma","1"
"2020","Enrico Ruggeri","1"
"2020","entics","1"
"2020","Enzo Dong","1"
"2020","Federica Carta","1"
"2020","Feid","1"
"2020","Filippo Giardina","1"
"2020","Fiorella Mannoia","1"
"2020","FSK SATELLITE","1"
"2020","Future","1"
"2020","G. Nano","1"
"2020","Gemello","1"
"2020","Gianni Bismark","1"
"2020","Gigi D’Alessio","1"
"2020","Guesan","1"
"2020","hindaco","1"
"2020","Il Cile","1"
"2020","Il Pagante","1"
"2020","Ill Rave","1"
"2020","IRBIS","1"
"2020","Jacopo Èt","1"
"2020","Joan Thiele","1"
"2020","joey funboy","1"
"2020","Junior Cally","1"
"2020","Ketama126","1"
"2020","KushGad","1"
"2020","La Rappresentante di Lista","1"
"2020","Lil Mosey","1"
"2020","Lilly Meraviglia","1"
"2020","Locker","1"
"2020","Lola Indigo","1"
"2020","Low Kidd","1"
"2020","Luana Faiv","1"
"2020","Luca Di Stefano","1"
"2020","Malika Ayane","1"
"2020","Mara Sattei","1"
"2020","Max Pezzali","1"
"2020","Milligun","1"
"2020","Mr Eazi","1"
"2020","Mystic One","1"
"2020","nayt","1"
"2020","Nebbïa","1"
"2020","Noizy","1"
"2020","o zulù","1"
"2020","Ocean Wisdom","1"
"2020","Offset","1"
"2020","Oni One","1"
"2020","Pacestema","1"
"2020","Paola Turci","1"
"2020","Paska","1"
"2020","Pink Empire","1"
"2020","Populous","1"
"2020","Rame","1"
"2020","Real Talk","1"
"2020","Rojas On The Beat","1"
"2020","Sergio Sylvestre","1"
"2020","Shaggy","1"
"2020","Sick Luke","1"
"2020","Sickness El Bandog","1"
"2020","Sir Prodige","1"
"2020","Ski & Wok","1"
"2020","Soolking","1"
"2020","Speranza","1"
"2020","Steve Aoki","1"
"2020","The Kolors","1"
"2020","Thelonious B.","1"
"2020","TOMMY DALI","1"
"2020","Traffik","1"
"2020","Victor Kwality","1"
"2020","Wairaki","1"
"2020","Ward 21","1"
"2020","Wayne","1"
"2020","Westside Gunn","1"
"2019","lazza","35"
"2019","thasup","24"
"2019","nerone","23"
"2019","marracash","22"
"2019","geolier","21"
"2019","mambolosco","20"
"2019","gemitaiz","19"
"2019","vacca","19"
"2019","clementino","18"
"2019","ensi","18"
"2019","madman","18"
"2019","rocco hunt","17"
"2019","skioffi","16"
"2019","fedez","15"
"2019","priestess","15"
"2019","rkomi","15"
"2019","dani faiv","14"
"2019","massimo pericolo","14"
"2019","rosa chemical","14"
"2019","achille lauro","13"
"2019","alfa","13"
"2019","guè pequeno","13"
"2019","shiva","13"
"2019","coez","12"
"2019","grido","12"
"2019","miss keta","12"
"2019","il tre","11"
"2019","mahmood","11"
"2019","willie peyote","11"
"2019","emis killa","10"
"2019","fabri fibra","10"
"2019","fred de palma","10"
"2019","luchè","10"
"2019","bassi maestro","9"
"2019","ernia","9"
"2019","mondo marcio","9"
"2019","tony boy","9"
"2019","dark polo gang","8"
"2019","mike24","8"
"2019","mistaman","8"
"2019","nesli","8"
"2019","beba","7"
"2019","ghali","7"
"2019","madame","7"
"2019","samuel heron","7"
"2019","sfera ebbasta","7"
"2019","shade","7"
"2019","caneda","6"
"2019","capo plaza","6"
"2019","tedua","6"
"2019","j-ax","5"
"2019","salmo","5"
"2019","Boro","4"
"2019","chadia rodriguez","4"
"2019","don joe","4"
"2019","tony effe","4"
"2019","baby k","3"
"2019","eva rea","3"
"2019","jack the smoker","3"
"2019","jake la furia","3"
"2019","johnny marsiglia","3"
"2019","nitro","3"
"2019","tormento","3"
"2019","Warez","3"
"2019","Agent Sasco (Assassin)","2"
"2019","Ana Mena","2"
"2019","anna pepe","2"
"2019","Carl Brave","2"
"2019","drefgold","2"
"2019","Elodie","2"
"2019","Enzo Dong","2"
"2019","frah quintale","2"
"2019","G. Nano","2"
"2019","ghemon","2"
"2019","Giaime","2"
"2019","Giuliano Palma","2"
"2019","hindaco","2"
"2019","Jamil","2"
"2019","Junior Cally","2"
"2019","L’Elfo","2"
"2019","Lele Blade","2"
"2019","Nashley","2"
"2019","nayt","2"
"2019","Pyrex (ITA)","2"
"2019","rose villain","2"
"2019","roshelle","2"
"2019","Ame 2.0","1"
"2019","Annalisa","1"
"2019","ASTOL","1"
"2019","Attila (ITA)","1"
"2019","bigmama","1"
"2019","Biska","1"
"2019","Blue Virus","1"
"2019","Boomdabash","1"
"2019","Brancar","1"
"2019","Calibro 35","1"
"2019","caparezza","1"
"2019","City Morgue","1"
"2019","CoCo","1"
"2019","Cosmo","1"
"2019","Cromo","1"
"2019","Danno","1"
"2019","Dardust","1"
"2019","dargen d_amico","1"
"2019","Dave Muldoon","1"
"2019","Diodato","1"
"2019","Dium","1"
"2019","Egreen","1"
"2019","Elenoire Ferruzzi","1"
"2019","Elisa","1"
"2019","Farid Bang","1"
"2019","Franco Califano","1"
"2019","Franco126","1"
"2019","Frank Siciliano","1"
"2019","Gabry Ponte","1"
"2019","Garcia pá","1"
"2019","GASHI","1"
"2019","Giorgia","1"
"2019","Giulia","1"
"2019","Gualti","1"
"2019","Gudda Gudda","1"
"2019","Hosawa","1"
"2019","Il Cile","1"
"2019","Ill Nacho","1"
"2019","IZI","1"
"2019","Joan Thiele","1"
"2019","joey funboy","1"
"2019","Jovanotti","1"
"2019","JP (ITA)","1"
"2019","JV (ITA)","1"
"2019","la pina","1"
"2019","Lil Durk","1"
"2019","Lil’ Pin","1"
"2019","Lo Stato Sociale","1"
"2019","LP","1"
"2019","Mara Sattei","1"
"2019","Martina Attili","1"
"2019","Mattaman","1"
"2019","Mauro Bizzie","1"
"2019","Max Brigante","1"
"2019","Mina","1"
"2019","Miriam Ayaba","1"
"2019","Mostro","1"
"2019","MR Rizzus","1"
"2019","mr. rain","1"
"2019","MV Killa","1"
"2019","NDG","1"
"2019","neffa","1"
"2019","Nex Cassel","1"
"2019","Nico Kyni","1"
"2019","Nicola Siciliano","1"
"2019","Patrick Benifei","1"
"2019","Pedar","1"
"2019","Peppe Soks","1"
"2019","PnB Rock","1"
"2019","Quentin40","1"
"2019","Ras Six","1"
"2019","Remi Tone","1"
"2019","shablo","1"
"2019","Side Baby","1"
"2019","Simon P","1"
"2019","slait","1"
"2019","Slava","1"
"2019","Sofía Reyes","1"
"2019","Soul Reever","1"
"2019","Speranza","1"
"2019","Taxi B","1"
"2019","Trippie Redd","1"
"2019","TY1","1"
"2019","Ubriachi fanno cose","1"
"2019","Vago","1"
"2019","Vale Lambo","1"
"2019","Venerus","1"
"2019","yeиdry","1"
"2019","Yung Fume","1"
"2019","Zara Larsson","1"
"2018","gemitaiz","37"
"2018","sfera ebbasta","28"
"2018","dark polo gang","23"
"2018","nerone","23"
"2018","guè pequeno","22"
"2018","capo plaza","21"
"2018","shade","21"
"2018","tedua","20"
"2018","il tre","17"
"2018","luchè","17"
"2018","madman","17"
"2018","nitro","17"
"2018","cor veleno","16"
"2018","emis killa","15"
"2018","ernia","15"
"2018","johnny marsiglia","15"
"2018","salmo","15"
"2018","achille lauro","14"
"2018","colle der fomento","14"
"2018","miss keta","14"
"2018","noyz narcos","14"
"2018","vacca","14"
"2018","drefgold","13"
"2018","mike24","13"
"2018","mr. rain","13"
"2018","shiva","12"
"2018","rancore","10"
"2018","thasup","10"
"2018","dani faiv","9"
"2018","frah quintale","9"
"2018","rkomi","9"
"2018","baby k","8"
"2018","caneda","8"
"2018","marracash","8"
"2018","rosa chemical","8"
"2018","mahmood","7"
"2018","skioffi","7"
"2018","beba","6"
"2018","chadia rodriguez","6"
"2018","coez","6"
"2018","fabri fibra","6"
"2018","piotta","6"
"2018","priestess","6"
"2018","jake la furia","5"
"2018","lazza","5"
"2018","tony boy","5"
"2018","entics","4"
"2018","geolier","4"
"2018","ghali","4"
"2018","j-ax","4"
"2018","massimo pericolo","4"
"2018","rocco hunt","4"
"2018","alfa","3"
"2018","doll kill","3"
"2018","eva rea","3"
"2018","madame","3"
"2018","mudimbi","3"
"2018","nayt","3"
"2018","rose villain","3"
"2018","samuel heron","3"
"2018","Vegas Jones","3"
"2018","Adriano Viterbini","2"
"2018","bassi maestro","2"
"2018","Carl Brave","2"
"2018","clementino","2"
"2018","CoCo","2"
"2018","ensi","2"
"2018","fred de palma","2"
"2018","ghemon","2"
"2018","Giaime","2"
"2018","Giuliano Sangiorgi","2"
"2018","inoki","2"
"2018","Kaos","2"
"2018","mambolosco","2"
"2018","mondo marcio","2"
"2018","nesli","2"
"2018","Pyrex (ITA)","2"
"2018","Quavo","2"
"2018","roshelle","2"
"2018","Roy Paci","2"
"2018","Vins (ITA)","2"
"2018","willie peyote","2"
"2018","6ix9ine","1"
"2018","Alessio La Profunda Melodia","1"
"2018","Amill Leonardo","1"
"2018","Ana Mena","1"
"2018","Analfak","1"
"2018","Annalisa","1"
"2018","Axos","1"
"2018","Big Fish","1"
"2018","Boss Doms","1"
"2018","Bouchra","1"
"2018","Braziliantrapzarra","1"
"2018","CaneSecco","1"
"2018","Carl Brave x Franco126","1"
"2018","Cosculluela","1"
"2018","Cosmo","1"
"2018","dargen d_amico","1"
"2018","Davide Shorty","1"
"2018","Dium","1"
"2018","El Micha","1"
"2018","Elettra Lamborghini","1"
"2018","Elodie","1"
"2018","Emma Muscat","1"
"2018","Enzo Avitabile","1"
"2018","Enzo Dong","1"
"2018","Favelas JFlouss","1"
"2018","fedez","1"
"2018","Franco126","1"
"2018","G. Nano","1"
"2018","G.bit","1"
"2018","Generic Animal","1"
"2018","Ghile","1"
"2018","Giorgio Poi","1"
"2018","Giulia Penna","1"
"2018","Gow Tribe","1"
"2018","grido","1"
"2018","Hermit","1"
"2018","Hoodrich Pablo Juan","1"
"2018","Hosawa","1"
"2018","Il Profeta","1"
"2018","Isabella Turso","1"
"2018","Jamil","1"
"2018","JDR","1"
"2018","Junior Cally","1"
"2018","Kerim","1"
"2018","Ketama126","1"
"2018","King Dest","1"
"2018","L’Elfo","1"
"2018","Lacrim","1"
"2018","Lary Over","1"
"2018","Low Kidd","1"
"2018","Marco Zangirolami","1"
"2018","Martina May","1"
"2018","MC Binn","1"
"2018","MezzoSangue","1"
"2018","Miami Yacine","1"
"2018","Mostro","1"
"2018","MRB","1"
"2018","Murcielago","1"
"2018","Nashley","1"
"2018","Night Skinny","1"
"2018","Ninho","1"
"2018","NSTASIA","1"
"2018","Oni One","1"
"2018","Osso (ITA)","1"
"2018","Ozymandias","1"
"2018","Paola Imprudente","1"
"2018","PashaPG","1"
"2018","Peter Bass","1"
"2018","Pronto","1"
"2018","Quentin40","1"
"2018","Remmy","1"
"2018","Rich The Kid","1"
"2018","RONNY J","1"
"2018","SCH","1"
"2018","Secco","1"
"2018","Sercho","1"
"2018","Sick Luke","1"
"2018","Sofiane","1"
"2018","Strage","1"
"2018","Tinie Tempah","1"
"2018","Tommy Kuti","1"
"2018","tony effe","1"
"2018","Two Fingerz","1"
"2018","Ugo Borghetti","1"
"2018","Venerus","1"
"2018","Vevo","1"
"2018","Warez","1"
"2018","Wayne","1"
"2018","Willy William","1"
"2018","Yem (ITA)","1"
"2017","fabri fibra","24"
"2017","skioffi","24"
"2017","guè pequeno","23"
"2017","nerone","22"
"2017","bassi maestro","21"
"2017","lazza","21"
"2017","fred de palma","20"
"2017","j-ax","20"
"2017","rkomi","20"
"2017","dani faiv","18"
"2017","frah quintale","18"
"2017","shade","18"
"2017","ernia","17"
"2017","caparezza","16"
"2017","clementino","16"
"2017","dark polo gang","15"
"2017","ghali","15"
"2017","ghemon","15"
"2017","dargen d_amico","14"
"2017","ensi","14"
"2017","grido","14"
"2017","Isabella Turso","14"
"2017","coez","13"
"2017","mudimbi","13"
"2017","nesli","13"
"2017","vacca","13"
"2017","willie peyote","13"
"2017","entics","11"
"2017","mike24","11"
"2017","drefgold","10"
"2017","massimo pericolo","10"
"2017","shiva","10"
"2017","alfa","9"
"2017","mambolosco","9"
"2017","club dogo","8"
"2017","gemitaiz","8"
"2017","tedua","8"
"2017","babaman","7"
"2017","miss keta","7"
"2017","salmo","7"
"2017","caneda","6"
"2017","priestess","6"
"2017","thasup","6"
"2017","capo plaza","5"
"2017","doll kill","5"
"2017","rocco hunt","5"
"2017","sfera ebbasta","5"
"2017","achille lauro","4"
"2017","Axos","4"
"2017","baby k","4"
"2017","il tre","4"
"2017","jack the smoker","4"
"2017","Laïoung","4"
"2017","nitro","4"
"2017","IZI","3"
"2017","madman","3"
"2017","mr. rain","3"
"2017","Nashley","3"
"2017","Remmy","3"
"2017","samuel heron","3"
"2017","Secco","3"
"2017","Amill Leonardo","2"
"2017","Andrés Koi","2"
"2017","beba","2"
"2017","Danti","2"
"2017","emis killa","2"
"2017","Federica Carta","2"
"2017","hell raton","2"
"2017","Il Muro del Canto","2"
"2017","John De Leo","2"
"2017","johnny marsiglia","2"
"2017","Lanz Khan","2"
"2017","Lexotan","2"
"2017","Livio Cori","2"
"2017","luchè","2"
"2017","Luscià","2"
"2017","mahmood","2"
"2017","marracash","2"
"2017","noyz narcos","2"
"2017","Pepito Rella","2"
"2017","piotta","2"
"2017","rose villain","2"
"2017","tormento","2"
"2017","Warez","2"
"2017","​lowlow","1"
"2017","Alessandra Amoroso","1"
"2017","Alessia Cara","1"
"2017","Alessio La Profunda Melodia","1"
"2017","Arisa","1"
"2017","Bouchra","1"
"2017","Ceri Wax","1"
"2017","Cicco Sanchez","1"
"2017","Coyote Jo Bastard","1"
"2017","Cranio Randagio","1"
"2017","Cricca dei Balordi","1"
"2017","D.M.C.","1"
"2017","Daniel Vit","1"
"2017","Diluvio","1"
"2017","Dutch Nazari","1"
"2017","Edo Fendy","1"
"2017","El Koyote","1"
"2017","El Micha","1"
"2017","Eldo ODT","1"
"2017","Elettra Lamborghini","1"
"2017","Enzo Avitabile","1"
"2017","Er Costa","1"
"2017","fedez","1"
"2017","Francesco Room","1"
"2017","G. Nano","1"
"2017","Galup (Ita)","1"
"2017","Gemello","1"
"2017","Ghile","1"
"2017","Giò Sada","1"
"2017","Giorgio Montanini","1"
"2017","Giulia Jean","1"
"2017","Giusy Ferreri","1"
"2017","Gravante","1"
"2017","Iang Riky","1"
"2017","Il Cile","1"
"2017","Il Profeta","1"
"2017","inoki","1"
"2017","jake la furia","1"
"2017","Jesto","1"
"2017","Jolly Mare","1"
"2017","Kaydy Cain","1"
"2017","Kurdo","1"
"2017","La Cha Cha","1"
"2017","la pina","1"
"2017","Lali","1"
"2017","Lama","1"
"2017","Lil Lagio","1"
"2017","Loredana Bertè","1"
"2017","Low Kidd","1"
"2017","Lucci (Brokenspeakers)","1"
"2017","madame","1"
"2017","Madh","1"
"2017","Majoe","1"
"2017","Marco Masini","1"
"2017","Marïna (ITA)","1"
"2017","Matsby","1"
"2017","Max Gazzè","1"
"2017","Mboss","1"
"2017","Mecna","1"
"2017","Melissa Gamberoni","1"
"2017","mondo marcio","1"
"2017","Mostro","1"
"2017","Mr.Cioni","1"
"2017","Naive","1"
"2017","nayt","1"
"2017","Nek","1"
"2017","Nex Cassel","1"
"2017","Olly","1"
"2017","Osso (ITA)","1"
"2017","Parix Hilton","1"
"2017","Raige","1"
"2017","Rita Pavone","1"
"2017","Roberto Baldi","1"
"2017","roshelle","1"
"2017","Roy Paci","1"
"2017","Sebastian / Killa Cali","1"
"2017","Sercho","1"
"2017","Sergio Sylvestre","1"
"2017","Stylophonic","1"
"2017","TempoXso","1"
"2017","Thegiornalisti","1"
"2017","Tiziano Ferro","1"
"2017","tony effe","1"
"2017","T-Pain","1"
"2017","Vale Lambo","1"
"2017","Vegas Jones","1"
"2017","Ytema","1"
"2017","Zenîma","1"
"2016","dark polo gang","43"
"2016","gemitaiz","37"
"2016","marracash","31"
"2016","mondo marcio","29"
"2016","nerone","25"
"2016","tedua","23"
"2016","achille lauro","22"
"2016","emis killa","21"
"2016","madman","21"
"2016","drefgold","20"
"2016","luchè","19"
"2016","shade","19"
"2016","sfera ebbasta","18"
"2016","dani faiv","17"
"2016","vacca","17"
"2016","caneda","16"
"2016","jack the smoker","16"
"2016","jake la furia","16"
"2016","salmo","15"
"2016","il tre","13"
"2016","mistaman","13"
"2016","rancore","13"
"2016","fabri fibra","12"
"2016","capo plaza","11"
"2016","coez","11"
"2016","inoki","11"
"2016","miss keta","11"
"2016","rocco hunt","11"
"2016","tony boy","11"
"2016","doll kill","10"
"2016","ernia","10"
"2016","shablo","10"
"2016","nitro","9"
"2016","rkomi","9"
"2016","samuel heron","8"
"2016","babaman","7"
"2016","frah quintale","7"
"2016","lazza","7"
"2016","mike24","7"
"2016","ghali","6"
"2016","roshelle","6"
"2016","IZI","5"
"2016","j-ax","5"
"2016","skioffi","5"
"2016","clementino","4"
"2016","mistico","4"
"2016","thasup","4"
"2016","baby k","3"
"2016","bassi maestro","3"
"2016","Chapo 9th","3"
"2016","CoCo","3"
"2016","fred de palma","3"
"2016","guè pequeno","3"
"2016","Inda","3"
"2016","rose villain","3"
"2016","shiva","3"
"2016","alfa","2"
"2016","Blue Virus","2"
"2016","Brenno Itani","2"
"2016","Cross (Yang Attitude)","2"
"2016","Danno","2"
"2016","Giovane Feddini","2"
"2016","grido","2"
"2016","Jamil","2"
"2016","Lexotan","2"
"2016","Maruego","2"
"2016","Mboss","2"
"2016","Mosè Cov","2"
"2016","Moses Sangare","2"
"2016","neffa","2"
"2016","Next Of Kin","2"
"2016","noyz narcos","2"
"2016","Pedar","2"
"2016","piotta","2"
"2016","Raffaela Herbert","2"
"2016","RINquore","2"
"2016","Travis Barker","2"
"2016","Victor Kwality","2"
"2016","Yojimbo","2"
"2016","​loge (logedelrey)","1"
"2016","€nya (Producer)","1"
"2016","Alessio La Profunda Melodia","1"
"2016","Amill Leonardo","1"
"2016","Anagogia","1"
"2016","Andrea Piraz","1"
"2016","Annalisa","1"
"2016","Aquadrop","1"
"2016","Axos","1"
"2016","Balo1","1"
"2016","beba","1"
"2016","Benny Lendano","1"
"2016","Big Joe","1"
"2016","Big Rapo","1"
"2016","Billy Milligael","1"
"2016","BLAZE BYG","1"
"2016","Bleeze Kapo","1"
"2016","Blumosso","1"
"2016","Bobbi Humphrey","1"
"2016","Boss Doms","1"
"2016","Brain (ITA)","1"
"2016","Bresh","1"
"2016","Caprice (MYS)","1"
"2016","Charlie Charles","1"
"2016","Chiara Grispo","1"
"2016","Cixi","1"
"2016","Claver Gold","1"
"2016","cor veleno","1"
"2016","Da Blonde (ITA)","1"
"2016","Dani Caldes","1"
"2016","dargen d_amico","1"
"2016","Deal Pacino","1"
"2016","Deon (ITA)","1"
"2016","Diego Mancino","1"
"2016","Disme","1"
"2016","Dj Kipp Kill","1"
"2016","Dope D.O.D.","1"
"2016","Drew Williams","1"
"2016","Egreen","1"
"2016","Emanuel Amabilis","1"
"2016","En?gma","1"
"2016","ensi","1"
"2016","entics","1"
"2016","Enzo Dong","1"
"2016","Er Costa","1"
"2016","Federica Abbate","1"
"2016","Fidia Costantino","1"
"2016","Gemello","1"
"2016","ghemon","1"
"2016","Giaime","1"
"2016","Gianni Bismark","1"
"2016","Giso","1"
"2016","Giulia Jean","1"
"2016","Giusy Ferreri","1"
"2016","Guesan","1"
"2016","Guezz","1"
"2016","Hoofer","1"
"2016","Iang Riky","1"
"2016","Ill Nacho","1"
"2016","Ill Rave","1"
"2016","Intifaya","1"
"2016","Isi Noice","1"
"2016","Jaffa Phonix","1"
"2016","Jesto","1"
"2016","joey funboy","1"
"2016","johnny marsiglia","1"
"2016","Karkadan","1"
"2016","KG Man","1"
"2016","Kofler","1"
"2016","Krag Lee","1"
"2016","Levante","1"
"2016","Lil’ Pin","1"
"2016","Little G","1"
"2016","Luca Blindo","1"
"2016","Luca Carboni","1"
"2016","Mad Dopa","1"
"2016","mahmood","1"
"2016","Manuela Manca","1"
"2016","Mark One","1"
"2016","Mattaman","1"
"2016","Mazza Ken","1"
"2016","Melo (ITA)","1"
"2016","Micaela","1"
"2016","Midas","1"
"2016","Mopashà","1"
"2016","Mr. P. Simmonds","1"
"2016","mr. rain","1"
"2016","mudimbi","1"
"2016","Nader Shah","1"
"2016","nayt","1"
"2016","Nico Flasher","1"
"2016","Ninthe","1"
"2016","Ntò","1"
"2016","Orange (Yang Attitude)","1"
"2016","Palla Da Phella","1"
"2016","Paro Laser","1"
"2016","P-Funking Horns","1"
"2016","Pinkman (ITA)","1"
"2016","Pitto Stail","1"
"2016","Pretty Solero","1"
"2016","Rayan","1"
"2016","RIVA","1"
"2016","rosa chemical","1"
"2016","Sante","1"
"2016","SCH","1"
"2016","Sebastian / Killa Cali","1"
"2016","Sedato Blend","1"
"2016","Sick Luke","1"
"2016","Simon P","1"
"2016","Solo Bombe","1"
"2016","Stash","1"
"2016","Strage","1"
"2016","Thekeenone","1"
"2016","Thetesto","1"
"2016","Tommy Boy","1"
"2016","Tommy Kuti","1"
"2016","Tooda (KNGL)","1"
"2016","Traffik","1"
"2016","Wairaki","1"
"2016","Youss Yakuza","1"
"2016","Zinghero","1"
"2015","guè pequeno","36"
"2015","clementino","31"
"2015","j-ax","29"
"2015","achille lauro","26"
"2015","dark polo gang","26"
"2015","fabri fibra","25"
"2015","gemitaiz","25"
"2015","fred de palma","24"
"2015","madman","23"
"2015","slait","23"
"2015","tedua","22"
"2015","marracash","21"
"2015","willie peyote","21"
"2015","emis killa","19"
"2015","vacca","19"
"2015","rocco hunt","18"
"2015","nitro","17"
"2015","coez","16"
"2015","sfera ebbasta","16"
"2015","baby k","15"
"2015","dargen d_amico","14"
"2015","noyz narcos","14"
"2015","shade","14"
"2015","mr. rain","13"
"2015","nesli","11"
"2015","tormento","11"
"2015","beba","10"
"2015","ensi","10"
"2015","ghali","10"
"2015","il tre","10"
"2015","don joe","9"
"2015","luchè","8"
"2015","neffa","8"
"2015","bushwaka","7"
"2015","nerone","7"
"2015","rancore","7"
"2015","rosa chemical","7"
"2015","salmo","7"
"2015","Lucio Dalla","6"
"2015","Maruego","6"
"2015","En?gma","5"
"2015","jack the smoker","5"
"2015","jake la furia","5"
"2015","bassi maestro","4"
"2015","caneda","4"
"2015","fedez","4"
"2015","miss keta","4"
"2015","babaman","3"
"2015","capo plaza","3"
"2015","dani faiv","3"
"2015","Danti","3"
"2015","drefgold","3"
"2015","Egreen","3"
"2015","IZI","3"
"2015","Jack Jaselli","3"
"2015","johnny marsiglia","3"
"2015","lazza","3"
"2015","mondo marcio","3"
"2015","priestess","3"
"2015","Tiziano Ferro","3"
"2015","Chiara","2"
"2015","DJ MS","2"
"2015","Galup (Ita)","2"
"2015","ghemon","2"
"2015","Il Cile","2"
"2015","Jamil","2"
"2015","Kill Mauri","2"
"2015","Ntò","2"
"2015","Rew (ITA)","2"
"2015","rkomi","2"
"2015","shablo","2"
"2015","shiva","2"
"2015","Valerio Nazo","2"
"2015","Akon","1"
"2015","Albe Ok","1"
"2015","Aquadrop","1"
"2015","Ateyaba","1"
"2015","Axos","1"
"2015","Bianca Atzei","1"
"2015","Boomdabash","1"
"2015","Bresh","1"
"2015","brusco","1"
"2015","Cali (ITA)","1"
"2015","Caputo","1"
"2015","Chief (ITA)","1"
"2015","Clark P.","1"
"2015","Claver Gold","1"
"2015","club dogo","1"
"2015","C-MOE","1"
"2015","Crine J","1"
"2015","Crookers","1"
"2015","Debbit","1"
"2015","Devotion (ITA)","1"
"2015","Disme","1"
"2015","DJ 2P","1"
"2015","DJ Gengis","1"
"2015","DJ Koma aka Mauràs","1"
"2015","Dome Flame","1"
"2015","El Koyote","1"
"2015","Elio (ITA)","1"
"2015","Elisa Bee","1"
"2015","Emcee O’Zi","1"
"2015","Emiliano Valverde","1"
"2015","Emma","1"
"2015","entics","1"
"2015","Enzo Avitabile","1"
"2015","Fabio Farti","1"
"2015","Federica Abbate","1"
"2015","Francesca Michielin","1"
"2015","Francesco Paura","1"
"2015","Fratelli Quintale","1"
"2015","G.bit","1"
"2015","Gel","1"
"2015","Gemello","1"
"2015","Giso","1"
"2015","Giuliano Palma","1"
"2015","Giuliano Sangiorgi","1"
"2015","Giusy Ferreri","1"
"2015","Gli Autogol","1"
"2015","grido","1"
"2015","Guesan","1"
"2015","HEAVEN (ITA)","1"
"2015","Il Muro del Canto","1"
"2015","Ivan","1"
"2015","James Senese","1"
"2015","Julia Crane","1"
"2015","Lanz Khan","1"
"2015","Lele Blade","1"
"2015","Lexotan","1"
"2015","Los Fastidios","1"
"2015","Lucariello","1"
"2015","Maccio Capatonda","1"
"2015","MACE","1"
"2015","Mad Boys","1"
"2015","Madh","1"
"2015","Mama Marjas","1"
"2015","Mario Biondi","1"
"2015","Master Prod","1"
"2015","MasterMaind","1"
"2015","Maya Giglio","1"
"2015","MezzoSangue","1"
"2015","Michael Sorriso","1"
"2015","MIKA","1"
"2015","Morfuco","1"
"2015","Mouri","1"
"2015","mudimbi","1"
"2015","Mumi","1"
"2015","Mystic One","1"
"2015","Nex Cassel","1"
"2015","o zulù","1"
"2015","Op’ Rot of GanjaFarm","1"
"2015","Oyoshe","1"
"2015","Paolito","1"
"2015","Paska","1"
"2015","Patto MC","1"
"2015","Pau Donés","1"
"2015","Pedar","1"
"2015","Pepito Rella","1"
"2015","Peppe Soks","1"
"2015","Peppino Di Capri","1"
"2015","Peste Mc","1"
"2015","P-Funking Horns","1"
"2015","Pino Daniele","1"
"2015","piotta","1"
"2015","Primo Brown","1"
"2015","Radici Urbane","1"
"2015","Rametto","1"
"2015","Rasty Kilo","1"
"2015","Red Cafe","1"
"2015","Remi (ITA)","1"
"2015","Riky","1"
"2015","RK (ITA)","1"
"2015","Rokas","1"
"2015","Rosario Miraggio","1"
"2015","Sangue Mostro","1"
"2015","Saturnino","1"
"2015","Simon P","1"
"2015","Skarraphone","1"
"2015","Skits Vicious e André","1"
"2015","Slim Thug","1"
"2015","Speaker Cenzou","1"
"2015","thasup","1"
"2015","TheRivati","1"
"2015","Tonico 70","1"
"2015","UBR","1"
"2015","Valentina Tioli","1"
"2015","Valerio Jovine","1"
"2015","Vaz Tè","1"
"2015","Vincenzo da Via Anfossi","1"
"2015","Yamba","1"
"2015","Youssoupha","1"
"2015","Zoa (ITA)","1"
"2014","gemitaiz","37"
"2014","fedez","22"
"2014","rocco hunt","22"
"2014","achille lauro","21"
"2014","caparezza","20"
"2014","lazza","17"
"2014","johnny marsiglia","16"
"2014","mistaman","16"
"2014","club dogo","14"
"2014","luchè","14"
"2014","ensi","13"
"2014","ghemon","13"
"2014","mondo marcio","13"
"2014","willie peyote","13"
"2014","dargen d_amico","12"
"2014","fred de palma","12"
"2014","caneda","11"
"2014","clementino","8"
"2014","dark polo gang","8"
"2014","entics","8"
"2014","marracash","7"
"2014","noyz narcos","7"
"2014","salmo","7"
"2014","vacca","7"
"2014","emis killa","6"
"2014","grido","6"
"2014","hell raton","6"
"2014","inoki","6"
"2014","rkomi","6"
"2014","sfera ebbasta","6"
"2014","frankie hi-nrg mc","5"
"2014","madman","5"
"2014","mudimbi","5"
"2014","shiva","5"
"2014","j-ax","4"
"2014","99 posse","3"
"2014","bushwaka","3"
"2014","capo plaza","3"
"2014","guè pequeno","3"
"2014","IZI","3"
"2014","jake la furia","3"
"2014","rancore","3"
"2014","coez","2"
"2014","fabri fibra","2"
"2014","Frank Siciliano","2"
"2014","ghali","2"
"2014","Giso","2"
"2014","Kiave","2"
"2014","Mecna","2"
"2014","Patrick Benifei","2"
"2014","shade","2"
"2014","Stokka & MadBuddy","2"
"2014","Tino Tracanna","2"
"2014","T-Mo","2"
"2014","2moellers","1"
"2014","Andrea D’Alessio","1"
"2014","Antonella Lo Coco","1"
"2014","Arisa","1"
"2014","Assalti Frontali","1"
"2014","BAD iDEA","1"
"2014","Boomdabash","1"
"2014","Cali (ITA)","1"
"2014","Caputo","1"
"2014","Ckrono","1"
"2014","Clark P.","1"
"2014","CoCo","1"
"2014","Corrado. (Dirty)","1"
"2014","Cris Cab","1"
"2014","Da Blonde (ITA)","1"
"2014","dani faiv","1"
"2014","Dexa (ITA)","1"
"2014","Diego Perrone","1"
"2014","Digi G’Alessio","1"
"2014","Dium","1"
"2014","DJ Double S","1"
"2014","DJ Tsura","1"
"2014","don joe","1"
"2014","Egreen","1"
"2014","Elisa","1"
"2014","Emiliano Pepe","1"
"2014","Enzo Avitabile","1"
"2014","Epi","1"
"2014","ernia","1"
"2014","Eros Ramazzotti","1"
"2014","eva rea","1"
"2014","Francesca Michielin","1"
"2014","Francesco Di Bella","1"
"2014","Gemello","1"
"2014","Hyst","1"
"2014","jack the smoker","1"
"2014","Jay Reaper","1"
"2014","Jay-A (COD)","1"
"2014","Julia Lenti","1"
"2014","Kappa (ITA)","1"
"2014","Lapo Raggiro","1"
"2014","Louis Dee","1"
"2014","Luciouz","1"
"2014","Malika Ayane","1"
"2014","Maruego","1"
"2014","massimo pericolo","1"
"2014","Michael Franti","1"
"2014","mr. rain","1"
"2014","Mystic One","1"
"2014","Navigator","1"
"2014","nerone","1"
"2014","nesli","1"
"2014","Nex Cassel","1"
"2014","Nina Zilli","1"
"2014","nitro","1"
"2014","Noemi","1"
"2014","Ntò","1"
"2014","Nunzio StreetChild","1"
"2014","Pablo Asso","1"
"2014","Paolo Rossi","1"
"2014","Peppe Soks","1"
"2014","Read QB","1"
"2014","Sebastian / Killa Cali","1"
"2014","Sercho","1"
"2014","SHINE","1"
"2014","slait","1"
"2014","Slesh","1"
"2014","Sonia Margot","1"
"2014","Steve Forest","1"
"2014","Sysma","1"
"2014","tedua","1"
"2014","Tiromancino","1"
"2014","Urban Snakes","1"
"2014","Valerio Nazo","1"
"2014","Y’akoto","1"
"2014","Yojimbo","1"
"2014","Zoa (ITA)","1"
"2013","gemitaiz","39"
"2013","caneda","27"
"2013","guè pequeno","27"
"2013","fedez","26"
"2013","madman","25"
"2013","dargen d_amico","23"
"2013","emis killa","23"
"2013","fabri fibra","22"
"2013","jack the smoker","22"
"2013","sfera ebbasta","22"
"2013","clementino","21"
"2013","salmo","19"
"2013","jake la furia","18"
"2013","noyz narcos","18"
"2013","vacca","17"
"2013","ghemon","14"
"2013","nitro","14"
"2013","rocco hunt","14"
"2013","bassi maestro","13"
"2013","baby k","12"
"2013","ghali","12"
"2013","mondo marcio","11"
"2013","neffa","10"
"2013","coez","9"
"2013","ernia","9"
"2013","ensi","8"
"2013","marracash","8"
"2013","nerone","8"
"2013","achille lauro","6"
"2013","Ntò","6"
"2013","rancore","5"
"2013","fred de palma","4"
"2013","j-ax","4"
"2013","luchè","4"
"2013","Marco Zangirolami","4"
"2013","tedua","4"
"2013","bushwaka","3"
"2013","En?gma","3"
"2013","Sercho","3"
"2013","Tiziano Ferro","3"
"2013","​lowlow","2"
"2013","Andrea Nardinocchi","2"
"2013","Andrea Volontè","2"
"2013","Danti","2"
"2013","Denny La Home","2"
"2013","inoki","2"
"2013","Maite","2"
"2013","Max Pezzali","2"
"2013","Paska","2"
"2013","Pedar","2"
"2013","Rasty Kilo","2"
"2013","Sebastian / Killa Cali","2"
"2013","shiva","2"
"2013","tormento","2"
"2013","Two Fingerz","2"
"2013","Uzi Junkana","2"
"2013","Zuli","2"
"2013","Aban","1"
"2013","Al Castellana","1"
"2013","Ale Zin","1"
"2013","Anagogia","1"
"2013","Arlissa","1"
"2013","Asher Kuno","1"
"2013","babaman","1"
"2013","Bat One","1"
"2013","Belzebass","1"
"2013","Big Boy Caprice","1"
"2013","Brian Blaster","1"
"2013","Buster (UK)","1"
"2013","capo plaza","1"
"2013","Chicoria","1"
"2013","Cima","1"
"2013","club dogo","1"
"2013","CoCo","1"
"2013","colle der fomento","1"
"2013","dark polo gang","1"
"2013","Davide Tagliapietra","1"
"2013","DJ One-C","1"
"2013","Dope D.O.D.","1"
"2013","Dope One","1"
"2013","drefgold","1"
"2013","Duellz","1"
"2013","Ecstra","1"
"2013","Ekspo","1"
"2013","Electrofants","1"
"2013","Elio (ITA)","1"
"2013","Elisa","1"
"2013","Enrico Ruggeri","1"
"2013","Fetz Darko","1"
"2013","Francesca Michielin","1"
"2013","Francesco Paura","1"
"2013","Frank Siciliano","1"
"2013","Gast","1"
"2013","Gianna Nannini","1"
"2013","Gigi Finizio","1"
"2013","Gionni Gioielli","1"
"2013","GionnyScandal","1"
"2013","Giso","1"
"2013","Giulia Spallino","1"
"2013","Giulie Battisti","1"
"2013","Gordo (ITA)","1"
"2013","Gotik","1"
"2013","hell raton","1"
"2013","Il Cile","1"
"2013","Ill Nacho","1"
"2013","Jamil","1"
"2013","Joker Flow","1"
"2013","Jovanotti","1"
"2013","Julia Lenti","1"
"2013","Junior K","1"
"2013","Kapwan","1"
"2013","Katerfrancers","1"
"2013","Kiave","1"
"2013","lazza","1"
"2013","Lord Bean","1"
"2013","M.B.A","1"
"2013","MadBuddy","1"
"2013","Martina May","1"
"2013","Maruego","1"
"2013","Masta Rais","1"
"2013","Mattaman","1"
"2013","MC Polo","1"
"2013","Meddaman","1"
"2013","Meg","1"
"2013","Metal Carter","1"
"2013","MezzoSangue","1"
"2013","Michelle Lily","1"
"2013","miss keta","1"
"2013","mistico","1"
"2013","Mostro","1"
"2013","MRB","1"
"2013","mudimbi","1"
"2013","Mystic One","1"
"2013","Navigator","1"
"2013","Negrita","1"
"2013","Nex Cassel","1"
"2013","Nico Flasher","1"
"2013","Op’Rot","1"
"2013","Pakos","1"
"2013","Pepito Rella","1"
"2013","Perturbazione","1"
"2013","Primo Brown","1"
"2013","Punkreas","1"
"2013","Rametto","1"
"2013","Remmy","1"
"2013","Reverendo","1"
"2013","Rob Shamantide","1"
"2013","Romeo (ITA)","1"
"2013","shade","1"
"2013","Shaone","1"
"2013","Simon de Jano","1"
"2013","Skin","1"
"2013","slait","1"
"2013","Smacco","1"
"2013","SopreMan","1"
"2013","Speaker Cenzou","1"
"2013","Svez","1"
"2013","TheRivati","1"
"2013","TommySmoka","1"
"2013","Uomodisu","1"
"2013","Vins (ITA)","1"
"2013","willie peyote","1"
"2013","Yago Dose","1"
"2012","ensi","36"
"2012","caneda","35"
"2012","mondo marcio","30"
"2012","achille lauro","29"
"2012","gemitaiz","27"
"2012","lazza","25"
"2012","emis killa","24"
"2012","ghemon","23"
"2012","club dogo","22"
"2012","guè pequeno","22"
"2012","fabri fibra","18"
"2012","rancore","18"
"2012","johnny marsiglia","17"
"2012","bassi maestro","15"
"2012","entics","15"
"2012","salmo","13"
"2012","slait","13"
"2012","luchè","12"
"2012","mistaman","12"
"2012","jack the smoker","11"
"2012","babaman","9"
"2012","piotta","9"
"2012","frah quintale","8"
"2012","baby k","7"
"2012","samuel heron","7"
"2012","coez","5"
"2012","DJ Breeda","5"
"2012","En?gma","5"
"2012","inoki","5"
"2012","j-ax","5"
"2012","rocco hunt","5"
"2012","madman","4"
"2012","marracash","4"
"2012","Read QB","4"
"2012","vacca","4"
"2012","willie peyote","4"
"2012","Zuli","4"
"2012","dargen d_amico","3"
"2012","mike24","3"
"2012","Ntò","3"
"2012","Sedato Blend","3"
"2012","Bat One","2"
"2012","caparezza","2"
"2012","Capstan (Rap)","2"
"2012","Caputo","2"
"2012","clementino","2"
"2012","CoCo","2"
"2012","cor veleno","2"
"2012","Danti","2"
"2012","Egreen","2"
"2012","El Feo","2"
"2012","fedez","2"
"2012","fred de palma","2"
"2012","hell raton","2"
"2012","Hyst","2"
"2012","Il Cile","2"
"2012","Julia Lenti","2"
"2012","Kiave","2"
"2012","Killacat","2"
"2012","Louis Dee","2"
"2012","Mecna","2"
"2012","Merio","2"
"2012","nitro","2"
"2012","Paska","2"
"2012","Primo Brown","2"
"2012","Rayden (ITA)","2"
"2012","Simon P","2"
"2012","tormento","2"
"2012","Zampa","2"
"2012","Zevio","2"
"2012","Adriano Viterbini","1"
"2012","Andrea Nardinocchi","1"
"2012","Asher Kuno","1"
"2012","Awa Mirone","1"
"2012","Beng (ITA)","1"
"2012","Bigfoot","1"
"2012","Biggie Bash","1"
"2012","Bloodlyne","1"
"2012","brusco","1"
"2012","Burro Banton","1"
"2012","CaneSecco","1"
"2012","Carlo Lucarelli","1"
"2012","Casino Royale","1"
"2012","Clo Sísmico","1"
"2012","Coliche","1"
"2012","Corrado. (Dirty)","1"
"2012","Crine J","1"
"2012","Crookers","1"
"2012","Da Blonde (ITA)","1"
"2012","DADE","1"
"2012","Daniele Vit","1"
"2012","Datura","1"
"2012","Dj 2Mani","1"
"2012","DJ 2P","1"
"2012","DJ Beta Scratches","1"
"2012","DJ Double S","1"
"2012","DJ Myke","1"
"2012","DJ Pitch","1"
"2012","DJ Rave","1"
"2012","DJ Tsura","1"
"2012","DJ Valium (ITA)","1"
"2012","drefgold","1"
"2012","Dreke","1"
"2012","Duellz","1"
"2012","Emiliano Pepe","1"
"2012","ernia","1"
"2012","Fabio De Martino","1"
"2012","Fabrizio Bigio","1"
"2012","Francesco Di Giacomo","1"
"2012","Francesco Mandelli","1"
"2012","Franco Ricciardi","1"
"2012","Fratelli Quintale","1"
"2012","Freank Antoni","1"
"2012","Fuossera","1"
"2012","G.bit","1"
"2012","Ganji Killah","1"
"2012","ghali","1"
"2012","Giaime","1"
"2012","Giso","1"
"2012","Giuliano Palma","1"
"2012","Gogna","1"
"2012","Hernan Brando","1"
"2012","Il Nano","1"
"2012","Infa","1"
"2012","jake la furia","1"
"2012","Jamil","1"
"2012","Jesto","1"
"2012","JSimms","1"
"2012","Kae (ITA)","1"
"2012","Kaos","1"
"2012","Katerfrancers","1"
"2012","L’Aura (ITA)","1"
"2012","La Miss","1"
"2012","MadBuddy","1"
"2012","Mama Marjas","1"
"2012","Martina May","1"
"2012","Matt er Nero","1"
"2012","Max Zanotti","1"
"2012","Mr Poto","1"
"2012","mudimbi","1"
"2012","Musteeno","1"
"2012","nayt","1"
"2012","Nex Cassel","1"
"2012","noyz narcos","1"
"2012","NSP","1"
"2012","Peja","1"
"2012","Power Francers","1"
"2012","Raf","1"
"2012","Raige","1"
"2012","Raiz","1"
"2012","Rido MC","1"
"2012","Rischio","1"
"2012","Rokas","1"
"2012","Royal Mehdi","1"
"2012","Samuel","1"
"2012","Sebastian / Killa Cali","1"
"2012","sfera ebbasta","1"
"2012","Solo Bombe","1"
"2012","Strano","1"
"2012","TDC21","1"
"2012","Tibber Squadd","1"
"2012","Tinez (ITA)","1"
"2012","T-Mez","1"
"2012","Un ubriaco","1"
"2012","Wairaki","1"
"2011","fedez","48"
"2011","mondo marcio","41"
"2011","marracash","33"
"2011","emis killa","32"
"2011","entics","29"
"2011","gemitaiz","27"
"2011","caneda","24"
"2011","guè pequeno","21"
"2011","jack the smoker","21"
"2011","j-ax","21"
"2011","bassi maestro","20"
"2011","fabri fibra","19"
"2011","rancore","19"
"2011","vacca","19"
"2011","salmo","18"
"2011","caparezza","17"
"2011","coez","17"
"2011","don joe","16"
"2011","inoki","14"
"2011","99 posse","12"
"2011","clementino","11"
"2011","madman","9"
"2011","willie peyote","9"
"2011","ensi","8"
"2011","baby k","7"
"2011","jake la furia","7"
"2011","dargen d_amico","6"
"2011","hell raton","6"
"2011","Danti","5"
"2011","Duellz","5"
"2011","Nex Cassel","5"
"2011","Vincenzo da Via Anfossi","5"
"2011","babaman","4"
"2011","CaneSecco","4"
"2011","club dogo","4"
"2011","Egreen","4"
"2011","Giso","4"
"2011","grido","4"
"2011","johnny marsiglia","4"
"2011","Ted Bee","4"
"2011","tormento","4"
"2011","Valerio Jovine","4"
"2011","Co’Sang","3"
"2011","Montenero","3"
"2011","noyz narcos","3"
"2011","Primo Brown","3"
"2011","rocco hunt","3"
"2011","sfera ebbasta","3"
"2011","Aban","2"
"2011","achille lauro","2"
"2011","Amir Issaa","2"
"2011","Asher Kuno","2"
"2011","Bat One","2"
"2011","Big Boy Caprice","2"
"2011","Daniele Sepe","2"
"2011","Deleterio","2"
"2011","Denny La Home","2"
"2011","DJ Double S","2"
"2011","DJ Lil Cut","2"
"2011","Elisa Rosselli","2"
"2011","En?gma","2"
"2011","luchè","2"
"2011","Maite","2"
"2011","Michelle Lily","2"
"2011","mistaman","2"
"2011","Mopashà","2"
"2011","Ntò","2"
"2011","Nunzio StreetChild","2"
"2011","Rayden (ITA)","2"
"2011","Read QB","2"
"2011","Reverendo","2"
"2011","SopreMan","2"
"2011","Speaker Cenzou","2"
"2011","Uzi Junkana","2"
"2011","Zampa","2"
"2011","A.M. (La Congrega)","1"
"2011","Agon","1"
"2011","Al Castellana","1"
"2011","Alborosie","1"
"2011","Attila (ITA)","1"
"2011","Beng (ITA)","1"
"2011","Beng (Milanimale)","1"
"2011","Boomdabash","1"
"2011","Briga","1"
"2011","Cali (ITA)","1"
"2011","Canebullo","1"
"2011","Capstan","1"
"2011","Cesarino","1"
"2011","Chief (ITA)","1"
"2011","Cili Man","1"
"2011","Coliche","1"
"2011","Crookers","1"
"2011","Danny Damn Vito","1"
"2011","Dari Mc","1"
"2011","Diacca","1"
"2011","Diluvio","1"
"2011","DJ DOPS","1"
"2011","DJ Shocca","1"
"2011","DJ Telaviv","1"
"2011","Dope One","1"
"2011","Emiliano Pepe","1"
"2011","Enmicasa","1"
"2011","Esa","1"
"2011","Fadamat","1"
"2011","Francesco Sarcina","1"
"2011","frankie hi-nrg mc","1"
"2011","Franz (Brokenspeakers)","1"
"2011","fred de palma","1"
"2011","G. Nano","1"
"2011","Gabba","1"
"2011","Gene 5","1"
"2011","ghali","1"
"2011","ghemon","1"
"2011","Gose","1"
"2011","Guido Style","1"
"2011","Hyst","1"
"2011","Il Nano","1"
"2011","ILL BILL","1"
"2011","Ill Nacho","1"
"2011","Izio Sklero","1"
"2011","Kill Mauri","1"
"2011","Killacat","1"
"2011","LamaIslam","1"
"2011","Lil’ Pin","1"
"2011","Louis Dee","1"
"2011","Lucci (Brokenspeakers)","1"
"2011","Mad Dopa","1"
"2011","Mama Marjas","1"
"2011","Martina May","1"
"2011","Matteo Pelli","1"
"2011","Maut","1"
"2011","Max Zanotti","1"
"2011","Mecna","1"
"2011","Micro (ITA)","1"
"2011","Mixup","1"
"2011","Nak Spumanti","1"
"2011","nesli","1"
"2011","Nuova Compagnia Di Canto Popolare","1"
"2011","Ornella","1"
"2011","Pakos","1"
"2011","Palla Da Phella","1"
"2011","R.A. The Rugged Man","1"
"2011","Redman","1"
"2011","Reka The Saint","1"
"2011","Rik Rox","1"
"2011","Rischio","1"
"2011","Rise Beatbox","1"
"2011","Rox","1"
"2011","Royal Mehdi","1"
"2011","Sbend","1"
"2011","Sebastian / Killa Cali","1"
"2011","shablo","1"
"2011","Shula","1"
"2011","Sistah Kinky","1"
"2011","slait","1"
"2011","Soprano","1"
"2011","Sud Sound System","1"
"2011","Tony Hadley","1"
"2011","Yves (UK)","1"
"2011","Zuli","1"
"2010","guè pequeno","50"
"2010","fabri fibra","37"
"2010","gemitaiz","32"
"2010","mondo marcio","24"
"2010","emis killa","21"
"2010","marracash","20"
"2010","dargen d_amico","18"
"2010","madman","17"
"2010","vacca","17"
"2010","club dogo","16"
"2010","babaman","15"
"2010","fedez","15"
"2010","ghemon","14"
"2010","noyz narcos","14"
"2010","bassi maestro","13"
"2010","johnny marsiglia","13"
"2010","cor veleno","12"
"2010","nesli","11"
"2010","ensi","10"
"2010","rancore","9"
"2010","entics","7"
"2010","Bartender","5"
"2010","caneda","5"
"2010","Daniele Vit","5"
"2010","Giso","4"
"2010","Rayden (ITA)","4"
"2010","Svedonio","4"
"2010","Duke Montana","3"
"2010","Raige","3"
"2010","TempoXso","3"
"2010","Two Fingerz","3"
"2010","CaneSecco","2"
"2010","Co’Sang","2"
"2010","DJ Gengis","2"
"2010","Duellz","2"
"2010","Hyst","2"
"2010","Nex Cassel","2"
"2010","Reverendo","2"
"2010","Sebastian / Killa Cali","2"
"2010","Ada Reina","1"
"2010","Adam Clay","1"
"2010","Agon","1"
"2010","Andre the Giant","1"
"2010","baby k","1"
"2010","Bat One","1"
"2010","Blackout (gruppo)","1"
"2010","Blue Virus","1"
"2010","Chicoria","1"
"2010","clementino","1"
"2010","coez","1"
"2010","Dafa aka Kilkenny","1"
"2010","Dankery Harv","1"
"2010","Danti","1"
"2010","DJ Double S","1"
"2010","DJ Shocca","1"
"2010","DJ Zak","1"
"2010","Egreen","1"
"2010","Exo DJ","1"
"2010","Gabba","1"
"2010","Giovanni Gulino","1"
"2010","Giusy Ferreri","1"
"2010","Granny Smith","1"
"2010","hell raton","1"
"2010","Hube","1"
"2010","Ill Cecka","1"
"2010","inoki","1"
"2010","jake la furia","1"
"2010","Jesto","1"
"2010","Just Off Turner","1"
"2010","Kane Juice","1"
"2010","Lil’ Pin","1"
"2010","Louis Dee","1"
"2010","Luca Aquino","1"
"2010","luchè","1"
"2010","MadBuddy","1"
"2010","Manny G","1"
"2010","Martina May","1"
"2010","Maury B","1"
"2010","Maxi B","1"
"2010","Mic Geronimo","1"
"2010","Michelle Lily","1"
"2010","Mr. Venom","1"
"2010","Ombra","1"
"2010","Pinto","1"
"2010","Ricardo","1"
"2010","Rise Beatbox","1"
"2010","rocco hunt","1"
"2010","salmo","1"
"2010","shablo","1"
"2010","Simona Barbieri McKenzie","1"
"2010","SottoTorchio","1"
"2010","Stevie Deville","1"
"2010","Stokka","1"
"2010","tedua","1"
"2010","The Beatnuts","1"
"2010","TheRivati","1"
"2010","Uzi Junkana","1"
"2010","Vincenzo da Via Anfossi","1"
"2010","Yojimbo","1"
"2010","Zuli","1"
"2009","guè pequeno","24"
"2009","emis killa","22"
"2009","nesli","22"
"2009","gemitaiz","20"
"2009","j-ax","20"
"2009","jack the smoker","18"
"2009","noyz narcos","17"
"2009","club dogo","15"
"2009","mondo marcio","13"
"2009","caneda","12"
"2009","coez","12"
"2009","neffa","12"
"2009","fabri fibra","10"
"2009","cor veleno","8"
"2009","ensi","8"
"2009","vacca","7"
"2009","bassi maestro","6"
"2009","entics","4"
"2009","marracash","4"
"2009","Vincenzo da Via Anfossi","4"
"2009","Asher Kuno","3"
"2009","fedez","3"
"2009","Montenero","3"
"2009","Daniele Vit","2"
"2009","Duellz","2"
"2009","Duke Montana","2"
"2009","Gast","2"
"2009","Karkadan","2"
"2009","Lucci (Brokenspeakers)","2"
"2009","madman","2"
"2009","sfera ebbasta","2"
"2009","Supa (CDB)","2"
"2009","Aban","1"
"2009","Bugo","1"
"2009","caparezza","1"
"2009","Co’Sang","1"
"2009","Cole (TruceKlan)","1"
"2009","dargen d_amico","1"
"2009","Diego Perrone","1"
"2009","Dose (USA)","1"
"2009","Dvus","1"
"2009","Etto","1"
"2009","Federico Zampaglione","1"
"2009","Franz (Brokenspeakers)","1"
"2009","Fuossera","1"
"2009","Gemello","1"
"2009","ghemon","1"
"2009","Giso","1"
"2009","Gose","1"
"2009","grido","1"
"2009","Hube","1"
"2009","Infamous Mobb","1"
"2009","inoki","1"
"2009","Irene Viboras","1"
"2009","Izio Sklero","1"
"2009","jake la furia","1"
"2009","Jesto","1"
"2009","Jovanotti","1"
"2009","Julia Lenti","1"
"2009","Kool G Rap","1"
"2009","LamaIslam","1"
"2009","Lil Wayne","1"
"2009","Maut","1"
"2009","Mc Casaoui","1"
"2009","Metal Carter","1"
"2009","Micromala","1"
"2009","miss simpatia","1"
"2009","Mopashà","1"
"2009","Mutoidz","1"
"2009","Mystic One","1"
"2009","Nicco (Brokenspeakers)","1"
"2009","Pier Velvet","1"
"2009","Pino Daniele","1"
"2009","Pinto","1"
"2009","Raige","1"
"2009","Rayden (ITA)","1"
"2009","Real Ava","1"
"2009","Sgarra","1"
"2009","Simo GDB","1"
"2009","Space One","1"
"2009","Supremo 73","1"
"2009","Ted Bee","1"
"2009","Tek Money","1"
"2009","Terron Fabio","1"
"2009","Yojimbo","1"
"2009","Zampa","1"
"2008","dargen d_amico","35"
"2008","noyz narcos","24"
"2008","ensi","21"
"2008","caparezza","17"
"2008","marracash","17"
"2008","mondo marcio","16"
"2008","babaman","15"
"2008","mistaman","14"
"2008","shablo","13"
"2008","vacca","11"
"2008","frankie hi-nrg mc","10"
"2008","madman","10"
"2008","fabri fibra","6"
"2008","Poopatch","6"
"2008","Adam Clay","5"
"2008","Esse-P","5"
"2008","rancore","5"
"2008","colle der fomento","4"
"2008","jack the smoker","4"
"2008","Raige","4"
"2008","Two Fingerz","4"
"2008","Vaanya Diva","4"
"2008","baby k","3"
"2008","bassi maestro","3"
"2008","Emiliano Pepe","3"
"2008","ghemon","3"
"2008","guè pequeno","3"
"2008","j-ax","3"
"2008","nesli","3"
"2008","Rayden (ITA)","3"
"2008","Chicoria","2"
"2008","Cole (TruceKlan)","2"
"2008","Daniele Vit","2"
"2008","DJ Shocca","2"
"2008","entics","2"
"2008","fedez","2"
"2008","Grand Agent","2"
"2008","JV (ITA)","2"
"2008","Nex Cassel","2"
"2008","Paola Cortellesi","2"
"2008","TempoXso","2"
"2008","1Zuckero","1"
"2008","Aban","1"
"2008","Al Bano","1"
"2008","Amir Issaa","1"
"2008","Ascanio Celestini","1"
"2008","Be4","1"
"2008","Benetti DC","1"
"2008","Big Boy Caprice","1"
"2008","Blue Virus","1"
"2008","C. Camacho","1"
"2008","caneda","1"
"2008","club dogo","1"
"2008","Co’Sang","1"
"2008","cor veleno","1"
"2008","DARKO (ITA)","1"
"2008","DJ Gengis","1"
"2008","DJ Tsura","1"
"2008","Duellz","1"
"2008","Duke Montana","1"
"2008","Egreen","1"
"2008","Enrico Ruggeri","1"
"2008","Er Costa","1"
"2008","Etto","1"
"2008","Frank Siciliano","1"
"2008","G. Nano","1"
"2008","Gast","1"
"2008","gemitaiz","1"
"2008","Giallo","1"
"2008","Gianluca Nicoletti","1"
"2008","Gianna Nannini","1"
"2008","Gionni Grano","1"
"2008","Giorgia","1"
"2008","Gloria (ITA)","1"
"2008","Guido Style","1"
"2008","Hary","1"
"2008","hell raton","1"
"2008","Il Turco","1"
"2008","inoki","1"
"2008","Ironique","1"
"2008","Jah Lingua","1"
"2008","jake la furia","1"
"2008","Jenny B","1"
"2008","Juelz","1"
"2008","Killa Soul","1"
"2008","La Fossa","1"
"2008","Liv L’Raynge","1"
"2008","MadBuddy","1"
"2008","MDT (ITA)","1"
"2008","Miss Violetta Beauregarde","1"
"2008","Mystic One","1"
"2008","Nico Messina","1"
"2008","Oscar White","1"
"2008","Phrome","1"
"2008","Pier Cortese","1"
"2008","Roy Paci","1"
"2008","salmo","1"
"2008","Santo Trafficante","1"
"2008","sfera ebbasta","1"
"2008","Skone (ITA)","1"
"2008","Supremo 73","1"
"2008","Vincenzo da Via Anfossi","1"
"2008","Vox P","1"
"2008","Xtreme Team","1"
"2008","Yojimbo","1"
"2008","Zinghero","1"
"2008","Zuli","1"
"2007","ghemon","35"
"2007","mondo marcio","21"
"2007","fabri fibra","20"
"2007","madman","17"
"2007","nesli","17"
"2007","noyz narcos","17"
"2007","vacca","16"
"2007","club dogo","15"
"2007","colle der fomento","14"
"2007","cor veleno","14"
"2007","inoki","14"
"2007","fedez","12"
"2007","johnny marsiglia","11"
"2007","tormento","9"
"2007","bassi maestro","8"
"2007","salmo","5"
"2007","DJ Frak (ITA)","3"
"2007","Duke Montana","3"
"2007","Frank Siciliano","3"
"2007","Metal Carter","3"
"2007","piotta","3"
"2007","Tek Money","3"
"2007","Al Castellana","2"
"2007","caparezza","2"
"2007","Cole (TruceKlan)","2"
"2007","emis killa","2"
"2007","Hyst","2"
"2007","MadBuddy","2"
"2007","marracash","2"
"2007","Nasty G","2"
"2007","Vincenzo da Via Anfossi","2"
"2007","Yojimbo","2"
"2007","Albe Ok","1"
"2007","Alborosie","1"
"2007","Alessio Beltrami","1"
"2007","Chicoria","1"
"2007","Damaxx","1"
"2007","Daniele Vit","1"
"2007","Danno","1"
"2007","DJ Frak","1"
"2007","Don Diegoh","1"
"2007","entics","1"
"2007","Esse-P","1"
"2007","FatFatCorfunk","1"
"2007","Franco Negrè","1"
"2007","Frequenza Mista","1"
"2007","G. Nano","1"
"2007","Gel","1"
"2007","gemitaiz","1"
"2007","Giallo","1"
"2007","Giuann Shadai","1"
"2007","G-Max","1"
"2007","guè pequeno","1"
"2007","hell raton","1"
"2007","Il Turco","1"
"2007","Ira (ITA)","1"
"2007","jack the smoker","1"
"2007","j-ax","1"
"2007","Kaos","1"
"2007","Kiave","1"
"2007","Killa Mazi","1"
"2007","Lady T","1"
"2007","Marietto","1"
"2007","Mic Meskin","1"
"2007","miss simpatia","1"
"2007","Miss Violetta Beauregarde","1"
"2007","mistaman","1"
"2007","Mystic One","1"
"2007","o zulù","1"
"2007","Ombra","1"
"2007","Pankees","1"
"2007","Paolo Severini","1"
"2007","Pete Philly","1"
"2007","rancore","1"
"2007","Roberto Baldi","1"
"2007","Romina Falconi","1"
"2007","Roy Paci","1"
"2007","Sammy (ITA)","1"
"2007","sfera ebbasta","1"
"2007","Stokka","1"
"2007","Stylophonic","1"
"2007","Suarez Nacapito","1"
"2007","Supremo 73","1"
"2007","TempoXso","1"
"2007","The Styles (ITA)","1"
"2007","Theone (ita)","1"
"2007","Turi","1"
"2007","Valerio Nazo","1"
"2007","Zenîma","1"
"2007","Zinghero","1"
"2006","mondo marcio","49"
"2006","fabri fibra","32"
"2006","dargen d_amico","22"
"2006","guè pequeno","21"
"2006","caparezza","19"
"2006","bassi maestro","18"
"2006","babaman","17"
"2006","j-ax","17"
"2006","clementino","16"
"2006","club dogo","15"
"2006","rancore","13"
"2006","tormento","13"
"2006","caneda","12"
"2006","ghemon","7"
"2006","marracash","6"
"2006","neffa","6"
"2006","noyz narcos","6"
"2006","willie peyote","5"
"2006","Chief (ITA)","3"
"2006","G-Max","3"
"2006","Amir Issaa","2"
"2006","Chicoria","2"
"2006","don joe","2"
"2006","Emiliano Pepe","2"
"2006","FatFatCorfunk","2"
"2006","inoki","2"
"2006","jack the smoker","2"
"2006","jake la furia","2"
"2006","Kiave","2"
"2006","Metrostars","2"
"2006","OneMic","2"
"2006","Primo Brown","2"
"2006","Vincenzo da Via Anfossi","2"
"2006","Yojimbo","2"
"2006","Aban","1"
"2006","Adam Clay","1"
"2006","Al Castellana","1"
"2006","Alessio Beltrami","1"
"2006","Ask?","1"
"2006","brusco","1"
"2006","Capone (NA)","1"
"2006","Coliche","1"
"2006","colle der fomento","1"
"2006","cor veleno","1"
"2006","Daniele Vit","1"
"2006","Deleterio","1"
"2006","Diego Mancino","1"
"2006","DJ Myke","1"
"2006","DJ Ronin","1"
"2006","DJ Snatch","1"
"2006","Dope1","1"
"2006","Duke Montana","1"
"2006","Emcee O’Zi","1"
"2006","Esa","1"
"2006","Fabio Farti","1"
"2006","Finley","1"
"2006","Francesco Paura","1"
"2006","Franco Negrè","1"
"2006","Gel","1"
"2006","gemitaiz","1"
"2006","Gionni Grano","1"
"2006","grido","1"
"2006","Il Turco","1"
"2006","Irene Lamedica","1"
"2006","Jaffa Phonix","1"
"2006","Jemal","1"
"2006","Jesto","1"
"2006","Kadim Fall","1"
"2006","Killa Mazi","1"
"2006","Kleane","1"
"2006","Lirike Taglienti","1"
"2006","Liv L’Raynge","1"
"2006","Lou Reigns","1"
"2006","madman","1"
"2006","Malva (ITA)","1"
"2006","Mc Mars","1"
"2006","Mentispesse","1"
"2006","Metal Carter","1"
"2006","Montenero","1"
"2006","Mr. P (ITA)","1"
"2006","Mr. Phil","1"
"2006","nesli","1"
"2006","Nex Cassel","1"
"2006","Op’Rot","1"
"2006","Patrick Benifei","1"
"2006","Patto MC","1"
"2006","piotta","1"
"2006","Poopatch","1"
"2006","Pulce","1"
"2006","Raige","1"
"2006","Rido MC","1"
"2006","Rischio","1"
"2006","Royal Mehdi","1"
"2006","Santo Trafficante","1"
"2006","Sgarra","1"
"2006","Space One","1"
"2006","Spoon","1"
"2006","Spregiudicati","1"
"2006","Stokka & MadBuddy","1"
"2006","Supa","1"
"2006","Svedonio","1"
"2006","Ted Bee","1"
"2006","Tony Blescia","1"
"2006","Two Fingerz","1"
"2006","vacca","1"
"2006","Xss”","1"
"2005","inoki","45"
"2005","noyz narcos","26"
"2005","bassi maestro","22"
"2005","mistaman","21"
"2005","salmo","13"
"2005","marracash","12"
"2005","guè pequeno","9"
"2005","Tek Money","7"
"2005","jake la furia","6"
"2005","Cole (TruceKlan)","5"
"2005","Gel","5"
"2005","Metal Carter","5"
"2005","mondo marcio","5"
"2005","don joe","3"
"2005","Frank Siciliano","3"
"2005","Royal Mehdi","3"
"2005","tormento","3"
"2005","Asher Kuno","2"
"2005","Ask?","2"
"2005","Chicoria","2"
"2005","Co’Sang","2"
"2005","colle der fomento","2"
"2005","DJ Gengis","2"
"2005","fabri fibra","2"
"2005","frankie hi-nrg mc","2"
"2005","Gemello","2"
"2005","ghemon","2"
"2005","Gianni K.G.","2"
"2005","jack the smoker","2"
"2005","Mic Meskin","2"
"2005","Rischio","2"
"2005","Stokka & MadBuddy","2"
"2005","Vincenzo da Via Anfossi","2"
"2005","Afrob (DEU)","1"
"2005","Amir Issaa","1"
"2005","Benassa","1"
"2005","brusco","1"
"2005","caparezza","1"
"2005","club dogo","1"
"2005","coez","1"
"2005","Corrado Pani","1"
"2005","DJ Jay-K","1"
"2005","DJ Shocca","1"
"2005","Duke Montana","1"
"2005","Esa","1"
"2005","FatFatCorfunk","1"
"2005","Gora (ESP)","1"
"2005","Il Turco","1"
"2005","Joe Cassano","1"
"2005","Kiave","1"
"2005","Lady T","1"
"2005","LamaIslam","1"
"2005","Lil Dap","1"
"2005","Liv L’Raynge","1"
"2005","Misa","1"
"2005","Mopashà","1"
"2005","Nest (ITA)","1"
"2005","Nunzio StreetChild","1"
"2005","OneMic","1"
"2005","Ov (ITA)","1"
"2005","Primo Brown","1"
"2005","rancore","1"
"2005","Rido MC","1"
"2005","Sandreasy","1"
"2005","Shadowbitch","1"
"2005","Shula","1"
"2005","slait","1"
"2005","Solo Zippo","1"
"2005","Spregiudicati","1"
"2005","Supa","1"
"2005","Surow","1"
"2005","Tandem","1"
"2005","Tekno Mobil Squad","1"
"2005","Thug Team","1"
"2005","Tony Fine","1"
"2005","Turi","1"
"2005","Wild Pizar","1"
"2005","willie peyote","1"
"2004","mondo marcio","43"
"2004","bassi maestro","29"
"2004","fabri fibra","25"
"2004","nesli","18"
"2004","vacca","18"
"2004","cor veleno","14"
"2004","tormento","14"
"2004","salmo","11"
"2004","jack the smoker","6"
"2004","club dogo","5"
"2004","Cricca dei Balordi","4"
"2004","guè pequeno","4"
"2004","jake la furia","4"
"2004","piotta","4"
"2004","caparezza","3"
"2004","articolo 31","2"
"2004","babaman","2"
"2004","Frank Siciliano","2"
"2004","inoki","2"
"2004","marracash","2"
"2004","Maxi B","2"
"2004","mistaman","2"
"2004","neffa","2"
"2004","Vincenzo da Via Anfossi","2"
"2004","Andy (Lirike Taglienti)","1"
"2004","Ape","1"
"2004","Asher Kuno","1"
"2004","Diego Perrone","1"
"2004","DJ Minga","1"
"2004","DJ Stile","1"
"2004","don joe","1"
"2004","Enmicasa","1"
"2004","GomeZeta","1"
"2004","JP ASE","1"
"2004","Leno (Rapper)","1"
"2004","MasterMaind","1"
"2004","Meddaman","1"
"2004","Mic Meskin","1"
"2004","Numeri 2","1"
"2004","rancore","1"
"2004","Rido MC","1"
"2004","shablo","1"
"2004","Soul Reever","1"
"2004","Supa (CDB)","1"
"2004","Zampa","1"
"2003","club dogo","20"
"2003","frankie hi-nrg mc","18"
"2003","articolo 31","17"
"2003","caparezza","16"
"2003","bassi maestro","14"
"2003","mondo marcio","14"
"2003","neffa","14"
"2003","nesli","14"
"2003","Antonio Rezza","2"
"2003","don joe","2"
"2003","Franca Valeri","2"
"2003","JP ASE","2"
"2003","Rido MC","2"
"2003","Vincenzo da Via Anfossi","2"
"2003","Ape","1"
"2003","Arnoldo Foà","1"
"2003","Bruno De Filippi","1"
"2003","clementino","1"
"2003","dargen d_amico","1"
"2003","Diego Perrone","1"
"2003","fabri fibra","1"
"2003","FK (FRA)","1"
"2003","LamaIslam","1"
"2003","Pacifico","1"
"2003","Paola Cortellesi","1"
"2003","Santy DJ","1"
"2003","Supa (CDB)","1"
"2003","Totò Mezzolla","1"
"2003","Zampa","1"
"2002","fabri fibra","17"
"2002","articolo 31","15"
"2002","bassi maestro","15"
"2002","piotta","8"
"2002","Al Castellana","1"
"2002","Frank Siciliano","1"
"2002","Giuann Shadai","1"
"2002","grido","1"
"2002","Meddaman","1"
"2002","mistaman","1"
"2002","nesli","1"
"2002","Paola Turci","1"
"2002","Primo Brown","1"
"2002","Reverendo","1"
"2002","shablo","1"
"2002","Space One","1"
"2002","Thema","1"
"2002","Tony Fine","1"
"2001","inoki","13"
"2001","neffa","13"
"2001","bassi maestro","12"
"2001","mistaman","11"
"2001","LamaIslam","4"
"2001","Nest (ITA)","3"
"2001","shablo","3"
"2001","sottotono","3"
"2001","99 posse","2"
"2001","cor veleno","2"
"2001","Cricca dei Balordi","2"
"2001","DJ Jay-K","2"
"2001","Frank Siciliano","2"
"2001","Gianni K.G.","2"
"2001","nesli","2"
"2001","Rischio","2"
"2001","Royal Mehdi","2"
"2001","Biko","1"
"2001","Bruno (ITA)","1"
"2001","Davo (ITA)","1"
"2001","DJ Dabito","1"
"2001","DJ Double S","1"
"2001","DJ Zeta","1"
"2001","Esa","1"
"2001","fabri fibra","1"
"2001","G Quagliano","1"
"2001","Giancarlo Gentili","1"
"2001","Joe Cassano","1"
"2001","Kaso","1"
"2001","Lyricalz","1"
"2001","Men In Skratch","1"
"2001","Musteeno","1"
"2001","Phra","1"
"2001","Rido MC","1"
"2001","Rival Capone","1"
"2001","Tension","1"
"2000","bassi maestro","20"
"2000","caparezza","16"
"2000","99 posse","14"
"2000","la pina","4"
"2000","articolo 31","3"
"2000","Cricca dei Balordi","2"
"2000","cor veleno","1"
"2000","DJ Zeta","1"
"2000","Esa","1"
"2000","frankie hi-nrg mc","1"
"2000","General Levy","1"
"2000","Giuliano Palma","1"
"2000","Jenny B","1"
"2000","Macro Marco","1"
"2000","Meddaman","1"
"2000","piotta","1"
"2000","sottotono","1"
"2000","Speaker Cenzou","1"
"2000","tormento","1"
"2000","Wonderbra (ITA)","1"
"1999","articolo 31","18"
"1999","sottotono","18"
"1999","colle der fomento","15"
"1999","nesli","10"
"1999","fabri fibra","7"
"1999","cor veleno","6"
"1999","neffa","5"
"1999","caparezza","4"
"1999","Mia Cooper (ITA)","3"
"1999","piotta","3"
"1999","tormento","3"
"1999","Chime Nadir","2"
"1999","don joe","2"
"1999","Esa","2"
"1999","Jasmine (ITA)","2"
"1999","2 Buoni Motivi","1"
"1999","Al Castellana","1"
"1999","bassi maestro","1"
"1999","Bengi","1"
"1999","Carmelo Saenz Menzoda","1"
"1999","Chief (ITA)","1"
"1999","Cirina","1"
"1999","Dj Jan (ITA)","1"
"1999","El Rae Reale","1"
"1999","Francesca Touré","1"
"1999","G Quagliano","1"
"1999","grido","1"
"1999","guè pequeno","1"
"1999","Ice One","1"
"1999","inoki","1"
"1999","Irene Lamedica","1"
"1999","Kurtis Blow","1"
"1999","Maku Go","1"
"1999","Onassis","1"
"1999","Paolo Brera","1"
"1999","Sab Sista","1"
"1999","Shezan Il Ragio","1"
"1999","Shola Ama","1"
"1999","Space One","1"
"1999","Strano","1"
"1999","Thema","1"
"1999","Tommy Poldo","1"
"1999","Word","1"
"1998","caparezza","28"
"1998","articolo 31","18"
"1998","bassi maestro","17"
"1998","neffa","17"
"1998","99 posse","12"
"1998","piotta","10"
"1998","la pina","8"
"1998","Deda","7"
"1998","inoki","5"
"1998","Turi","5"
"1998","Al Castellana","3"
"1998","DJ Stile","3"
"1998","Giuliano Palma","3"
"1998","colle der fomento","2"
"1998","DJ Double S","2"
"1998","DJ Skizo","2"
"1998","Dre Love","2"
"1998","Mc Mell’O’","2"
"1998","Al’ Tariq","1"
"1998","Anna Marotta","1"
"1998","Big Fish","1"
"1998","Black Attack","1"
"1998","Carri D","1"
"1998","cor veleno","1"
"1998","Cricca dei Balordi","1"
"1998","Dafa","1"
"1998","Davo (ITA)","1"
"1998","Devon Martinez","1"
"1998","DJ Gruff","1"
"1998","DJ Lugi","1"
"1998","DJ Zak","1"
"1998","Djuba","1"
"1998","Elise (ITA)","1"
"1998","Esa","1"
"1998","fabri fibra","1"
"1998","Gedo (ITA)","1"
"1998","Gianni De Gennaro","1"
"1998","Gianni Morandi","1"
"1998","grido","1"
"1998","I Poeti Maledetti","1"
"1998","Juso Tha Juice","1"
"1998","Kaos","1"
"1998","Katiuscia e Natascia Queens of Ciarda","1"
"1998","Kobb D","1"
"1998","La Famiglia","1"
"1998","Lascars","1"
"1998","Left Side (ITA)","1"
"1998","Marya","1"
"1998","MC Giaime","1"
"1998","MC Thorn","1"
"1998","Papa J","1"
"1998","Psyco Killa a.k.a. Kontempla","1"
"1998","Rido MC","1"
"1998","Rival Capone","1"
"1998","Rosana","1"
"1998","Sab Sista","1"
"1998","Sean Daniel Martin","1"
"1998","Soul Boy","1"
"1998","Space One","1"
"1998","Spaghetti Funk","1"
"1998","Speaker Cenzou","1"
"1998","Subsonica","1"
"1998","Supa (CDB)","1"
"1998","Thema","1"
"1998","Torch","1"
"1998","Tosca Donati","1"
"1998","Trigga (Stefano Ciannamea)","1"
"1998","Turi & Compari","1"
"1998","Wardogs (rap)","1"
"1997","frankie hi-nrg mc","13"
"1997","articolo 31","4"
"1997","neffa","2"
"1997","Esa","1"
"1997","fabri fibra","1"
"1997","la pina","1"
"1997","piotta","1"
"1997","Riccardo Sinigallia","1"
"1997","sottotono","1"
"1996","articolo 31","23"
"1996","neffa","16"
"1996","bassi maestro","15"
"1996","colle der fomento","15"
"1996","sottotono","15"
"1996","99 posse","10"
"1996","Esa","4"
"1996","Kaos","3"
"1996","Dre Love","2"
"1996","Graziano Romani","2"
"1996","Left Side (ITA)","2"
"1996","Maku Go","2"
"1996","Phase 2","2"
"1996","piotta","2"
"1996","Speaker Cenzou","2"
"1996","Camelz Finnezza Click","1"
"1996","Chef Ragoo","1"
"1996","Danny Losito","1"
"1996","DJ Double S","1"
"1996","DJ Gruff","1"
"1996","DJ Lugi","1"
"1996","Elise (ITA)","1"
"1996","Fede (Lyricalz)","1"
"1996","Giuliano Palma","1"
"1996","grido","1"
"1996","Ice One","1"
"1996","Jasmine (ITA)","1"
"1996","Julie P.","1"
"1996","la pina","1"
"1996","Lucio Dalla","1"
"1996","Lyricalz","1"
"1996","Maryah","1"
"1996","Paola Folli","1"
"1996","Polare","1"
"1996","Sean Daniel Martin","1"
"1996","Space One","1"
"1996","Storyteller (rapper)","1"
"1996","TopCat (ITA)","1"
"1996","tormento","1"
"1995","la pina","11"
"1995","Polare","2"
"1995","Dawn (ITA)","1"
"1995","Esa","1"
"1995","frankie hi-nrg mc","1"
"1995","Kikke","1"
"1995","Soul Boy","1"
"1994","articolo 31","22"
"1994","sottotono","11"
"1994","Solo Zippo","2"
"1994","colle der fomento","1"
"1994","cor veleno","1"
"1994","DJ Zak","1"
"1994","frankie hi-nrg mc","1"
"1994","Lola Feghaly","1"
"1993","articolo 31","15"
"1993","frankie hi-nrg mc","14"
"1993","99 posse","13"
"1993","bassi maestro","8"
"1993","Aim 1","1"
"1993","Chief (ITA)","1"
"1993","Lory Asson","1"
"1993","Speaker Cenzou","1"
"1992","bassi maestro","8"
"1992","99 posse","2"
"1992","articolo 31","1"
"1992","frankie hi-nrg mc","1"
"1992","Papa Ciccio","1"
