"Feat_artist_id","feat_artist_name","Trending_Percentage","Trending_Factor"
"2","achille lauro","5,8823529411764701","5,8823529411764705E-2"
"3","alfa","0","0"
"4","anna pepe","37,5","0,375"
"6","babaman","0","0"
"7","baby k","20","0,20000000000000001"
"8","bassi maestro","0","0"
"9","beba","0","0"
"10","bigmama","0","0"
"11","brusco","0","0"
"12","bushwaka","0","0"
"13","caneda","23,076923076923077","0,23076923076923078"
"14","caparezza","0","0"
"15","capo plaza","39,285714285714285","0,39285714285714285"
"16","chadia rodriguez","0","0"
"17","clementino","20,833333333333336","0,20833333333333334"
"18","club dogo","0","0"
"19","coez","25","0,21428571428571427"
"20","colle der fomento","0","0"
"21","cor veleno","0","0"
"22","dani faiv","26,666666666666668","0,26666666666666666"
"23","dargen d_amico","6,666666666666667","0"
"24","dark polo gang","50","0,5"
"25","doll kill","0","0"
"26","don joe","0","0"
"27","drefgold","33,333333333333329","0,33333333333333331"
"28","emis killa","14,000000000000002","0,12"
"29","ensi","2","0,02"
"30","entics","0","0"
"31","ernia","12","0,12"
"33","fabri fibra","15,714285714285714","0,12857142857142856"
"34","fedez","7,6923076923076925","7,6923076923076927E-2"
"35","frah quintale","28,571428571428569","0,2857142857142857"
"37","fred de palma","28,571428571428569","0,2857142857142857"
"38","gemitaiz","25,373134328358208","0,2537313432835821"
"39","geolier","21,212121212121211","0,21212121212121213"
"40","ghali","7,1428571428571423","0"
"41","ghemon","0","0"
"42","grido","0","0"
"43","guè pequeno","12,844036697247708","0,12844036697247707"
"44","hell raton","33,333333333333329","0,33333333333333331"
"47","inoki","33,333333333333329","0,33333333333333331"
"48","j-ax","12,121212121212121","6,0606060606060608E-2"
"49","jack the smoker","6,3829787234042552","4,2553191489361701E-2"
"50","jake la furia","11,320754716981133","9,4339622641509441E-2"
"52","johnny marsiglia","0","0"
"53","la pina","50","0,5"
"54","lazza","47,169811320754718","0,47169811320754718"
"55","luchè","25,714285714285712","0,25714285714285712"
"56","madame","26,666666666666668","0,26666666666666666"
"57","madman","26,086956521739129","0,2608695652173913"
"58","mahmood","10","0,10000000000000001"
"59","mambolosco","28,571428571428569","0,2857142857142857"
"60","marracash","29,870129870129869","0,29870129870129869"
"61","massimo pericolo","14,285714285714285","0,14285714285714285"
"62","mike24","0","0"
"63","miss keta","0","-0,16666666666666666"
"65","mistaman","0","0"
"66","mistico","0","0"
"67","mondo marcio","6,25","0,0625"
"68","mr. rain","0","0"
"70","neffa","0","0"
"71","nerone","6,25","0"
"72","nesli","0","0"
"73","niky savage","66,666666666666657","0,66666666666666663"
"74","nitro","23,333333333333332","0,23333333333333334"
"75","noyz narcos","14,814814814814813","0,14814814814814814"
"76","o zulù","0","0"
"77","papa v","0","0"
"78","piotta","0","0"
"79","priestess","9,0909090909090917","9,0909090909090912E-2"
"80","rancore","0","0"
"81","rkomi","21,052631578947366","0,21052631578947367"
"82","rocco hunt","12,5","0,125"
"83","rondodasosa","20","0,20000000000000001"
"84","rosa chemical","14,285714285714285","0,14285714285714285"
"85","rose villain","17,647058823529413","0,17647058823529413"
"86","roshelle","25","0,25"
"87","salmo","32,608695652173914","0,32608695652173914"
"88","samuel heron","0","0"
"89","sfera ebbasta","46,808510638297875","0,44680851063829785"
"90","shablo","0","0"
"91","shade","25","0,25"
"92","shiva","14,285714285714285","0,14285714285714285"
"93","skioffi","0","0"
"94","slait","14,285714285714285","0,14285714285714285"
"96","tedua","40,625","0,40625"
"97","thasup","50","0,5"
"98","tony boy","12,5","0,125"
"99","tony effe","9,5238095238095237","9,5238095238095233E-2"
"100","tormento","4,5454545454545459","4,5454545454545456E-2"
"101","vacca","0","-6,6666666666666666E-2"
"102","willie peyote","0","0"
"104","yung snapp","16,666666666666664","0,16666666666666666"
"105","Thelonious B.","100","1"
"106","RADICAL","100","1"
"107","Taxi B","40","0,40000000000000002"
"108","Wayne","0","0"
"109","Boro","10","0,10000000000000001"
"110","Macello","0","0"
"111","VillaBanks","0","0"
"112","18K","0","0"
"113","HEAVEN (ITA)","0","0"
"114","Thetesto","0","0"
"115","Pitta (ITA)","0","0"
"116","Samurai Jay","0","0"
"117","Spender","0","0"
"118","Angelino Panebianco","0","0"
"119","Carl Brave","25","0,25"
"120","Vipra","0","0"
"121","Rew (ITA)","0","0"
"122","Olly","0","0"
"123","Matsby","0","0"
"124","Roberto Vecchioni","0","0"
"125","Yem (ITA)","0","0"
"126","Drast","0","0"
"127","Annalisa","0","0"
"128","ARIETE","0","0"
"129","Slings","0","0"
"130","Gabe Simon","0","0"
"131","Melissa Gamberoni","0","0"
"132","Ytema","0","0"
"133","Ubriachi fanno cose","0","0"
"134","nayt","33,333333333333329","0,33333333333333331"
"135","Mara Sattei","66,666666666666657","0,66666666666666663"
"136","bbno$","0","0"
"137","Sick Luke","33,333333333333329","0,33333333333333331"
"138","Tananai","0","0"
"139","Pinguini Tattici Nucleari","33,333333333333329","0,33333333333333331"
"140","​​yungest Moonstar","0","0"
"141","Low Kidd","25","0,25"
"142","Lele Blade","14,285714285714285","0,14285714285714285"
"143","Icy Subzero","0","0"
"144","MV Killa","14,285714285714285","0,14285714285714285"
"145","Diss Gacha","0","-0,33333333333333331"
"146","Don Pero","0","0"
"147","Rhove","0","0"
"148","CoCo","12,5","0,125"
"149","Side Baby","0","0"
"150","Vale Lambo","0","0"
"151","Lil Baby","50","0,5"
"152","Kid Yugi","45,454545454545453","0,45454545454545453"
"153","Laura Pausini","50","0,5"
"154","Pyrex (ITA)","14,285714285714285","0,14285714285714285"
"155","IZI","20,833333333333336","0,20833333333333334"
"156","Artie 5ive","23,076923076923077","0,23076923076923078"
"157","French Montana","0","0"
"158","Takagi","0","0"
"159","Ketra","0","0"
"160","Tory Lanez","0","0"
"161","Giaime","0","0"
"162","Elodie","12,5","0,125"
"163","Clark P.","0","0"
"164","SHINE","0","0"
"165","Giso","0","0"
"166","Tinez (ITA)","0","0"
"167","El Feo","0","0"
"168","Il Nano","0","0"
"169","Infa","0","0"
"170","Dreke","0","0"
"171","Paska","0","-0,16666666666666666"
"172","Zevio","0","0"
"173","Secco","25","0,25"
"174","Warez","16,666666666666664","0,16666666666666666"
"175","Axos","40","0,40000000000000002"
"176","Amill Leonardo","0","0"
"177","Gianni Bismark","25","0,25"
"178","Junior Cally","50","0,5"
"179","Remmy","0","0"
"180","Nex Cassel","0","0"
"181","Silent Bob","20","0,20000000000000001"
"182","G. Nano","12,5","0,125"
"183","Speranza","0","0"
"184","Danti","0","0"
"185","Ame 2.0","0","0"
"186","MIDO","0","0"
"187","Maruego","16,666666666666664","0,16666666666666666"
"188","Egreen","0","0"
"189","Shari","0","0"
"190","MR Rizzus","0","0"
"191","L’Elfo","0","0"
"192","Mauro Bizzie","0","0"
"193","Hosawa","0","0"
"194","MRB","0","0"
"195","Gualti","0","0"
"196","Heartman","0","0"
"197","Pepito Rella","50","0,5"
"198","Strage","0","0"
"199","Eddy Veerus","0","0"
"200","DJ One-C","0","0"
"201","Analfak","0","0"
"202","Stevie Deville","0","0"
"203","C. Camacho","0","0"
"204","Jah Lingua","0","0"
"205","Kane Juice","0","0"
"206","Burro Banton","0","0"
"207","Simba La Rue","14,285714285714285","0,14285714285714285"
"208","Paky","25","0,25"
"209","Astro (ITA)","0","0"
"210","22simba","0","0"
"211","Ateyaba","100","1"
"212","Ntò","5,8823529411764701","5,8823529411764705E-2"
"213","Elettra Lamborghini","50","0,5"
"214","Night Skinny","100","1"
"215","North of Loreto","100","1"
"216","Vettosi","0","0"
"217","Il Profeta","50","0,5"
"218","Rasty Kilo","14,285714285714285","0,14285714285714285"
"219","Rick Ross","50","0,5"
"220","Franco126","20","0,20000000000000001"
"221","Ketama126","0","0"
"222","Rame","0","0"
"223","El Micha","0","0"
"224","​chiello","0","0"
"225","Stadio","0","0"
"226","Alborosie","20","0,20000000000000001"
"227","Enzo Avitabile","0","0"
"228","Laïoung","0","0"
"229","Noizy","0","0"
"230","Elisa","0","0"
"231","Crookers","0","0"
"232","Akon","0","0"
"233","Dutchavelli","0","0"
"234","Jadakiss","0","0"
"235","Arlissa","0","0"
"236","Benny the Butcher","0","0"
"237","Big Boy Caprice","0","0"
"238","Farid Bang","0","0"
"239","Napoleone","0","0"
"240","Rosario Miraggio","0","0"
"241","Cosculluela","0","0"
"242","Chicoria","11,111111111111111","0,1111111111111111"
"243","Ele A","0","0"
"244","Willy William","0","0"
"245","Enzo Dong","14,285714285714285","0,14285714285714285"
"246","Vincenzo da Via Anfossi","8,695652173913043","8,6956521739130432E-2"
"247","Zuli","0","0"
"248","Duellz","0","0"
"249","Julia Lenti","0","0"
"250","Slim Thug","0","0"
"251","Daniele Vit","0","0"
"252","Montenero","0","0"
"253","Kleane","0","0"
"254","Kurdo","0","0"
"255","Majoe","0","0"
"256","Red Cafe","0","0"
"257","Nerissima Serpe","30","0,29999999999999999"
"258","Izio Sklero","0","0"
"259","Peppino Di Capri","0","0"
"260","Aban","0","0"
"261","Duke Montana","0","0"
"262","Royal Mehdi","0","0"
"263","Sgarra","0","0"
"264","Terron Fabio","0","0"
"265","Pronto","0","0"
"266","Ted Bee","0","0"
"267","T-Mez","0","0"
"268","Tek Money","0","0"
"269","Mutoidz","0","0"
"270","Rischio","0","0"
"271","FatFatCorfunk","0","0"
"272","Reverendo","14,285714285714285","0,14285714285714285"
"273","G-Max","0","0"
"274","Chief (ITA)","0","0"
"275","Ask?","0","0"
"276","Amir Issaa","0","0"
"277","Santo Trafficante","0","0"
"278","Esa","20","0,20000000000000001"
"279","Fuossera","0","0"
"280","Co’Sang","0","0"
"281","Jack Jaselli","0","0"
"282","Gora (ESP)","0","0"
"283","Killa Mazi","0","0"
"284","Gionni Grano","0","0"
"285","Tommy Poldo","0","0"
"286","Karkadan","0","0"
"287","Ganji Killah","0","0"
"288","Ricardo","0","0"
"289","Elmatadormc7","0","0"
"290","Sebastian / Killa Cali","0","0"
"291","Elisa Bee","0","0"
"292","Digi G’Alessio","0","0"
"293","Epi","0","0"
"294","Slesh","0","0"
"295","Ckrono","0","0"
"296","BAD iDEA","0","0"
"297","2moellers","0","0"
"298","Mecna","0","0"
"299","Ninho","0","0"
"300","Gunna","0","0"
"301","A Boogie wit da Hoodie","0","0"
"302","Lil Tjay","0","0"
"303","Luciano","0","0"
"304","Yamba","0","0"
"305","Morad","0","0"
"306","Peppe Soks","0","0"
"307","Bresh","7,6923076923076925","7,6923076923076927E-2"
"308","Aya Nakamura","0","0"
"309","Tion Wayne","0","0"
"310","Gazo","0","0"
"311","Russ Millions","0","0"
"312","Koba LaD","0","0"
"313","Leto","0","0"
"314","Lil Keed","0","0"
"315","Deal Pacino","0","0"
"316","AJ Tracey","0","0"
"317","Ugo Borghetti","50","0,5"
"318","Generic Animal","100","1"
"319","J Lord","0","0"
"320","Venerus","20","0,20000000000000001"
"321","Fight Pausa","0","0"
"322","Baby Gang","11,111111111111111","0,1111111111111111"
"323","Rafilù","0","0"
"324","Niko Pandetta","0","0"
"325","Gravante","0","0"
"326","Neima Ezza","0","0"
"327","Francesco Room","0","0"
"328","Jesto","16,666666666666664","0,16666666666666666"
"329","Pedar","0","0"
"330","Blue Virus","0","0"
"331","Garcia pá","0","0"
"332","Slava","0","0"
"333","TempoXso","0","0"
"334","Diluvio","0","0"
"335","Mr.Cioni","0","0"
"336","Feid","0","0"
"337","Angèle","0","0"
"338","Woodkid","0","0"
"339","Slim Soledad","0","0"
"340","Il Muro del Canto","33,333333333333329","0,33333333333333331"
"341","DJ Myke","0","0"
"342","Turi","0","0"
"343","Primo Brown","7,1428571428571423","7,1428571428571425E-2"
"344","Jenny B","0","0"
"345","Danno","50","0,5"
"346","MC Giaime","0","0"
"347","Lascars","0","0"
"348","Kobb D","0","0"
"349","Djuba","0","0"
"350","Devon Martinez","0","0"
"351","Psyco Killa a.k.a. Kontempla","0","0"
"352","Fabio Zanello","0","0"
"353","Turi & Compari","0","0"
"354","Assalti Frontali","0","0"
"355","Tiromancino","0","0"
"356","Modena City Ramblers","0","0"
"357","Adriano Viterbini","0","0"
"358","Francesco Di Giacomo","0","0"
"359","Bunna","0","0"
"360","Ginko","0","0"
"361","Kadim Fall","0","0"
"362","Deca","0","0"
"363","D-Bus","0","0"
"364","Mariangela","0","0"
"365","DJ Phella","0","0"
"366","Afu-Ra","0","0"
"367","Alice","0","0"
"368","Andrea Ra","0","0"
"369","Tony Blescia","50","0,5"
"370","Big Fish","0","0"
"371","Federica Carta","25","0,25"
"372","Erika Lei","0","0"
"373","Alice Pagani","0","0"
"374","TheRivati","0","0"
"375","Boomdabash","33,333333333333329","0,33333333333333331"
"376","Mama Marjas","0","0"
"377","Nello Taver","0","0"
"378","Mattak","0","0"
"379","Nicola Siciliano","0","0"
"380","Francesco Paura","0","0"
"381","LA NIÑA","25","0,25"
"382","Morfuco","0","0"
"383","Patto MC","0","0"
"384","Tonico 70","0","0"
"385","MC Polo","0","0"
"386","Ale Zin","0","0"
"387","Speaker Cenzou","20","0,20000000000000001"
"388","Uomodisu","0","0"
"389","Rametto","0","0"
"390","Rob Shamantide","0","0"
"391","Op’Rot","0","0"
"392","Kapwan","0","0"
"393","Dope One","0","0"
"394","Svez","0","0"
"395","Ekspo","0","0"
"396","Shaone","0","0"
"397","Sangue Mostro","0","0"
"398","El Koyote","0","0"
"399","Valerio Nazo","0","0"
"400","Dome Flame","0","0"
"401","Master Prod","0","0"
"402","Emcee O’Zi","0","0"
"403","Skarraphone","0","0"
"404","Ivan","0","0"
"405","Oyoshe","0","0"
"406","Peste Mc","0","0"
"407","Lucariello","0","0"
"408","Fabio Farti","0","0"
"409","Pino Daniele","0","0"
"410","Mouri","0","0"
"411","Meg","0","0"
"412","Kiave","0","0"
"413","Negrita","0","0"
"414","ILL BILL","0","0"
"415","Gigi Finizio","0","0"
"416","Jovanotti","0","0"
"417","R.A. The Rugged Man","0","0"
"418","Il Cile","12,5","0,125"
"419","James Senese","0","0"
"420","Pulce","0","0"
"421","Op’ Rot of GanjaFarm","0","0"
"422","Phil-One","0","0"
"423","DJ Snatch","0","0"
"424","Dope1","0","0"
"425","Capone (NA)","0","0"
"426","Kapone (ITA)","0","0"
"427","Lucio Dalla","0","0"
"428","Lello Romano","0","0"
"429","Tavornuncia","0","0"
"430","Silviatrank","0","0"
"431","OneMic","0","0"
"432","Malva (ITA)","0","0"
"433","Robertino MC","0","0"
"434","Giuliano Palma","10","0"
"435","Poopatch","0","0"
"436","Arisa","0","0"
"437","LamaIslam","0","0"
"438","Liv L’Raynge","0","0"
"439","Datura","0","0"
"440","Mc Mars","0","0"
"441","Adam Clay","0","0"
"442","Totò Mezzolla","0","0"
"443","Emiliano Pepe","0","0"
"444","Santy DJ","0","0"
"445","Kool G Rap","0","0"
"446","Roberto Baldi","0","0"
"447","Zenîma","0","0"
"448","Stylophonic","0","0"
"449","DJ Zak","33,333333333333329","0,33333333333333331"
"450","Infamous Mobb","0","0"
"451","Cris Cab","0","0"
"452","Carlo Lucarelli","0","0"
"453","Mic Meskin","0","0"
"454","Power Francers","0","0"
"455","Francesco Mandelli","0","0"
"456","Fabrizio Bigio","0","0"
"457","Daniel Vit","0","0"
"458","Dawn (ITA)","0","-1"
"459","Tosca Donati","0","0"
"460","Al’ Tariq","0","0"
"461","Black Attack","0","0"
"462","Torch","0","0"
"463","Rival Capone","0","0"
"464","Katiuscia e Natascia Queens of Ciarda","0","0"
"465","MC Thorn","100","1"
"466","Marya","100","1"
"467","Sab Sista","66,666666666666657","0,66666666666666663"
"468","Polare","0","0"
"469","Kikke","0","-1"
"470","Soul Boy","0","0"
"471","Thegiornalisti","100","1"
"472","COLAPESCEDIMARTINO","0","0"
"473","Al Castellana","0","-0,10000000000000001"
"474","Diego Mancino","0","0"
"475","Maurizio Carucci","0","0"
"476","Emma","0","0"
"477","Francesca Michielin","20","0,20000000000000001"
"478","Gel","0","0"
"479","Federico Zampaglione","0","0"
"480","Youssoupha","0","0"
"481","Metal Carter","7,6923076923076925","7,6923076923076927E-2"
"482","Claver Gold","0","0"
"483","Tredici Pietro","0","0"
"484","Simona Barbieri McKenzie","0","0"
"485","Gianna Nannini","0","0"
"486","Tommy Kuti","0","-0,5"
"487","Redman","0","0"
"488","Soprano","0","0"
"489","DJ Double S","11,111111111111111","0,1111111111111111"
"490","Supa (CDB)","0","0"
"491","Svedonio","0","0"
"492","Davide Tagliapietra","0","0"
"493","Marco Zangirolami","0","0"
"494","Tiziano Ferro","12,5","0,125"
"495","Gigi D’Alessio","0","0"
"496","Lele Adani","0","0"
"497","Maccio Capatonda","0","0"
"498","Chiara","0","0"
"499","Manuela Manca","0","0"
"500","Eros Ramazzotti","0","0"
"501","Mario Biondi","0","0"
"502","Zoa (ITA)","0","0"
"503","Irama","0","0"
"504","Dj 2Mani","0","0"
"505","Frank Siciliano","6,25","0,0625"
"506","DJ Shocca","28,571428571428569","0,2857142857142857"
"507","Stokka & MadBuddy","0","0"
"508","Giallo","0","0"
"509","Surow","0","0"
"510","Spregiudicati","0","0"
"511","Ze In The Clouds","0","0"
"512","Rido MC","0","0"
"513","DJ Tsura","0","0"
"514","Cali (ITA)","0","0"
"515","MadBuddy","0","0"
"516","Giancarlo Gentili","0","0"
"517","Giuann Shadai","0","0"
"518","DJ Dabito","0","0"
"519","Noemi","0","0"
"520","Disme","0","0"
"521","Mazza Ken","0","0"
"522","Big Rapo","0","0"
"523","Il Turco","0","0"
"524","Chapo 9th","0","0"
"525","DJ Jay-K","0","0"
"526","Joe Cassano","0","0"
"527","Gianni K.G.","0","0"
"528","Mopashà","0","0"
"529","Mc Casaoui","0","0"
"530","Real Ava","0","0"
"531","Balo1","0","0"
"532","Zinghero","0","0"
"533","Nunzio StreetChild","0","0"
"534","Youss Yakuza","0","0"
"535","Nest (ITA)","0","0"
"536","Tandem","0","0"
"537","Samuel","0","0"
"538","Nina Zilli","0","0"
"539","Brenno Itani","0","0"
"540","Brain (ITA)","0","0"
"541","Lil Dap","0","0"
"542","Tino Tracanna","0","0"
"543","Lady T","0","0"
"544","Mark One","0","0"
"545","Blumosso","0","0"
"546","Mad Dopa","0","0"
"547","Chiky Realeza","0","0"
"548","Barrabravas","0","0"
"549","King Dest","0","0"
"550","Favelas JFlouss","0","0"
"551","Asher Kuno","0","0"
"552","Luca Blindo","0","0"
"553","Awa Mirone","0","0"
"554","Afrob (DEU)","0","0"
"555","Sandreasy","0","0"
"556","Giulia Spallino","0","0"
"557","Deda","28,571428571428569","0,2857142857142857"
"558","Fadamat","0","0"
"559","Tekno Mobil Squad","0","0"
"560","El Rae Reale","0","0"
"561","Solo Zippo","0","0"
"562","Thug Team","0","0"
"563","Ov (ITA)","0","0"
"564","Zibba","0","0"
"565","Mefisto Brass","0","0"
"566","Miriam Ayaba","100","1"
"567","Alessio La Profunda Melodia","33,333333333333329","0,33333333333333331"
"568","8blevrai","0","0"
"569","Ana Mena","50","0,5"
"570","​anice","0","0"
"571","Luca Carboni","0","0"
"572","Brancar","0","0"
"573","Katerfrancers","0","0"
"574","Dj Kipp Kill","0","0"
"575","Lous and The Yakuza","0","0"
"576","Mozart La Para","0","0"
"577","Damian Marley","0","0"
"578","Davide Shorty","33,333333333333329","0,33333333333333331"
"579","Peter Bass","100","1"
"580","MezzoSangue","25","0,25"
"581","NIO (ITA)","0","0"
"582","Post Nebbia","0","0"
"583","DJ Beta Scratches","0","0"
"584","JSN","0","0"
"585","Thoé (ITA)","0","0"
"586","Kae (ITA)","0","0"
"587","Patrick Benifei","0","-0,25"
"588","Louis Dee","0","0"
"589","Hyst","0","0"
"590","Stokka","0","0"
"591","Rayden (ITA)","0","0"
"592","Palla Da Phella","0","0"
"593","Central Cee","100","1"
"594","Sacky","66,666666666666657","0,66666666666666663"
"595","Vale Pain","0","0"
"596","Abby 6ix","0","0"
"597","NLE Choppa","0","0"
"598","Keta","0","0"
"599","​Margola","0","0"
"600","Faneto","0","0"
"601","BLP KOSHER","0","0"
"602","Nemzzz","0","0"
"603","Freeze Corleone","0","0"
"604","Badda TD","0","0"
"605","Quavo","50","0,5"
"606","Future","0","0"
"607","Offset","0","0"
"608","SCH","0","0"
"609","7ARI","0","0"
"610","Steve Aoki","0","0"
"611","Lil Mosey","0","0"
"612","Miami Yacine","0","0"
"613","Lil Durk","0","0"
"614","PnB Rock","0","0"
"615","Rich The Kid","0","0"
"616","Gordo (ITA)","0","0"
"617","Tinie Tempah","0","0"
"618","Denny La Home","0","0"
"619","Lary Over","0","0"
"620","​lowlow","0","0"
"621","Lacrim","0","0"
"622","Cima","0","0"
"623","Yago Dose","0","0"
"624","Hoodrich Pablo Juan","0","0"
"625","Smacco","0","0"
"626","Gotik","0","0"
"627","Masta Rais","0","0"
"628","Junior K","0","0"
"629","Brian Blaster","0","0"
"630","Ecstra","0","0"
"631","GionnyScandal","0","0"
"632","DARKO (ITA)","0","0"
"633","TommySmoka","0","0"
"634","Romeo (ITA)","0","0"
"635","Nico Flasher","0","0"
"636","YK Osiris","0","0"
"637","Killacat","0","0"
"638","Luca Aquino","0","0"
"639","Calibro 35","0","0"
"640","Diodato","0","0"
"641","Musteeno","0","0"
"642","Pete Philly","0","0"
"643","Andrea Nardinocchi","0","0"
"644","Franco Negrè","0","0"
"645","Malika Ayane","0","0"
"646","DJ Ronin","0","0"
"647","Tony Fine","0","0"
"648","Lory Asson","0","0"
"649","Paola Folli","0","0"
"650","Bruno De Filippi","0","0"
"651","Paola Turci","0","0"
"652","Lola Feghaly","0","0"
"653","Carmelo Saenz Menzoda","0","0"
"654","Bengi","0","0"
"655","LA SAD","0","0"
"656","Thema","0","0"
"657","Wonderbra (ITA)","0","0"
"658","Paolo Brera","0","0"
"659","Kurtis Blow","0","0"
"660","Space One","0","0"
"661","Rosana","0","0"
"662","Coma_Cose","0","0"
"663","Spaghetti Funk","0","0"
"664","Mia Cooper (ITA)","0","0"
"665","Bugo","0","0"
"666","Gianni Morandi","0","0"
"667","Francesca Touré","0","0"
"668","Strano","0","0"
"669","Phase 2","50","0,5"
"670","DJ Lugi","50","0,5"
"671","Kaos","44,444444444444443","0,44444444444444442"
"672","Dre Love","25","0,25"
"673","TopCat (ITA)","100","1"
"674","Fede (Lyricalz)","100","1"
"675","Storyteller (rapper)","100","1"
"676","Camelz Finnezza Click","100","1"
"677","Left Side (ITA)","33,333333333333329","0,33333333333333331"
"678","Chef Ragoo","100","1"
"679","DJ Gruff","50","0,5"
"680","Sean Daniel Martin","50","0,5"
"681","DJ Skizo","25","0,25"
"682","DJ Stile","25","0,25"
"683","Anna Marotta","100","1"
"684","Joshua (ITA)","0","0"
"685","Joan Thiele","25","0,25"
"686","Elise (ITA)","0","0"
"687","Mc Mell’O’","0","0"
"688","La Famiglia","0","0"
"689","Carri D","0","0"
"690","STE (cantante)","0","0"
"691","Livio Cori","0","0"
"692","Wardogs (rap)","0","0"
"693","Giuliano Palma & The Bluebeaters","0","0"
"694","Riccardo Sinigallia","100","1"
"695","Enrico Ruggeri","0","0"
"696","Roy Paci","0","0"
"697","Paola Cortellesi","0","0"
"698","Pacifico","0","0"
"699","Antonio Rezza","0","0"
"700","Giorgia","0","0"
"701","Arnoldo Foà","0","0"
"702","Franca Valeri","0","0"
"703","Ascanio Celestini","0","0"
"704","Gianluca Nicoletti","0","0"
"705","Vaz Tè","16,666666666666664","0,16666666666666666"
"706","Guesan","33,333333333333329","0,33333333333333331"
"707","Ill Rave","50","0,5"
"708","Coyote Jo Bastard","0","0"
"709","RK (ITA)","0","0"
"710","Angelina Mango","0","0"
"711","Nebbïa","0","0"
"712","Nader Shah","0","0"
"713","​bnkr44","0","0"
"714","Federica Abbate","0","0"
"715","Sofiane","0","0"
"716","Krag Lee","0","0"
"717","Albe Ok","0","0"
"718","Radici Urbane","0","0"
"719","Mad Boys","0","0"
"720","UBR","0","0"
"721","Tylil","0","0"
"722","Matthew Marcantonio","100","1"
"723","John De Leo","50","0,5"
"724","Mishel Domenssain","100","1"
"725","Max Gazzè","100","1"
"726","Al Bano","100","1"
"727","Diego Perrone","0","0"
"728","D.M.C.","0","0"
"729","Tony Hadley","0","0"
"730","Michael Franti","0","0"
"731","Trigga (Stefano Ciannamea)","0","0"
"732","Dj Jan (ITA)","0","0"
"733","Gianni De Gennaro","0","0"
"734","Gedo (ITA)","0","0"
"735","Juso Tha Juice","0","0"
"736","Corrado Pani","0","0"
"737","Ironique","0","0"
"738","Nico Messina","0","0"
"739","Gucci Mane","0","0"
"740","Gaia","0","0"
"741","Ape","50","0,5"
"742","Zampa","14,285714285714285","0,14285714285714285"
"743","Lanz Khan","66,666666666666657","0,66666666666666663"
"744","Vegas Jones","30","0,29999999999999999"
"745","Cricca dei Balordi","0","0"
"746","Lord Bean","0","0"
"747","I Poeti Maledetti","0","0"
"748","Meddaman","0","0"
"749","Maury B","0","0"
"750","Davo (ITA)","0","0"
"751","Dafa","0","0"
"752","Micro (ITA)","0","0"
"753","Beng (Milanimale)","0","0"
"754","Phra","0","0"
"755","Bruno (ITA)","0","0"
"756","Kaso","0","0"
"757","Biko","0","0"
"758","Tension","0","0"
"759","Gene 5","0","0"
"760","Matteo Pelli","0","0"
"761","L’Aura (ITA)","0","0"
"762","Hernan Brando","0","0"
"763","Soul Reever","0","0"
"764","DJ Zeta","0","0"
"765","G Quagliano","0","0"
"766","Lyricalz","0","0"
"767","Anagogia","0","0"
"768","FK (FRA)","0","0"
"769","Reka The Saint","0","0"
"770","Mentispesse","0","0"
"771","Papa Ciccio","0","0"
"772","Men In Skratch","0","0"
"773","Supa","0","0"
"774","Mic Geronimo","0","0"
"775","Andre the Giant","0","0"
"776","Alessio Beltrami","0","0"
"777","Mr. Phil","0","0"
"778","The Beatnuts","0","0"
"779","A.M. (La Congrega)","0","0"
"780","MDT (ITA)","0","0"
"781","Macro Marco","0","0"
"782","Coliche","0","0"
"783","Metrostars","0","0"
"784","Aim 1","0","0"
"785","Soolking","0","0"
"786","LIBERATO","0","0"
"787","Mr Eazi","0","0"
"788","Draganov","0","0"
"789","Axell","0","0"
"790","Maite","0","-0,25"
"791","M.B.A","0","0"
"792","Buster (UK)","0","0"
"793","Agent Sasco (Assassin)","50","0,5"
"794","Biggie Bash","0","0"
"795","Raiz","0","0"
"796","Attila (ITA)","0","0"
"797","Andrea D’Alessio","0","0"
"798","Raige","0","-9,0909090909090912E-2"
"799","Peja","0","0"
"800","Y’akoto","0","0"
"801","Two Fingerz","0","0"
"802","Juelz","0","0"
"803","Gloria (ITA)","0","0"
"804","Killa Soul","0","0"
"805","Vox P","0","0"
"806","Be4","0","0"
"807","Hary","0","0"
"808","DJ 2P","0","0"
"809","BLANCO","0","0"
"810","Hatik","0","0"
"811","Jamil","20","0,20000000000000001"
"812","Nashley","33,333333333333329","0,33333333333333331"
"813","Kerim","100","1"
"814","Dium","0","0"
"815","Ghile","0","0"
"816","T-Mo","0","0"
"817","Mboss","0","0"
"818","Sickness El Bandog","0","0"
"819","Biska","0","0"
"820","Yung Fume","0","0"
"821","​loge (logedelrey)","0","0"
"822","Cromo","0","0"
"823","Leslie (ITA)","0","0"
"824","Pinkman (ITA)","0","0"
"825","Styles P","0","0"
"826","Rojas On The Beat","0","0"
"827","JP (ITA)","0","0"
"828","Pink Empire","0","0"
"829","En?gma","5,8823529411764701","5,8823529411764705E-2"
"830","Locker","0","0"
"831","Sa Razza","0","0"
"832","Nico Kyni","0","0"
"833","Melo (ITA)","0","0"
"834","KushGad","0","0"
"835","Los Fastidios","0","0"
"836","Numeri 2","0","0"
"837","Mosè Cov","0","0"
"838","Suarez Nacapito","0","0"
"839","Theone (ita)","0","0"
"840","Enzo Benz","0","0"
"841","Block Mameli","0","0"
"842","Dvus","0","0"
"843","Lil Wayne","0","0"
"844","Incis ZONE","0","0"
"845","MasterMaind","0","0"
"846","Milligun","0","0"
"847","Cris Enemy","0","0"
"848","Rico Mendossa","0","0"
"849","ARTAN","0","0"
"850","O.G GANG","0","0"
"851","Jay-A (COD)","0","0"
"852","KG Man","0","0"
"853","Armani Doc","0","0"
"854","Giulie Battisti","0","0"
"855","Rik Rox","0","0"
"856","Maxi B","0","0"
"857","Enmicasa","0","0"
"858","Ill Nacho","0","0"
"859","DJ Bront","0","0"
"860","JSimms","0","0"
"861","Bloodlyne","0","0"
"862","G Leggenda","0","0"
"863","Terrasanta","0","0"
"864","Lil’ Pin","0","0"
"865","La Fossa","0","0"
"866","Phrome","0","0"
"867","Pessimo 17","0","0"
"868","DJ Ghost aka Steeni","0","0"
"869","Ranabis","0","0"
"870","Oscar White","0","0"
"871","Exo DJ","0","0"
"872","Divoice","0","0"
"873","Marietto","0","0"
"874","Ozymandias","0","0"
"875","Mostro","14,285714285714285","0,14285714285714285"
"876","JDR","0","0"
"877","Quentin40","0","0"
"878","Emanuel Amabilis","0","0"
"879","Populous","0","0"
"880","Gabry Ponte","0","0"
"881","Lilly Meraviglia","0","0"
"882","RIVA","0","0"
"883","Elenoire Ferruzzi","0","0"
"884","Malena Nazionale","0","0"
"885","cmqmartina","0","0"
"886","DPCM","0","0"
"887","Kiddy Smile","0","0"
"888","David Blank","0","0"
"889","Boyrebecca","0","0"
"890","Bilal Hassani","0","0"
"891","Isabella Santacroce","0","0"
"892","Rita Pavone","0","0"
"893","La Cha Cha","0","0"
"894","Da Blonde (ITA)","33,333333333333329","0,33333333333333331"
"895","Kaash Paige","0","0"
"896","Etta (ITA)","0","0"
"897","Paola Imprudente","0","0"
"898","Franco Ricciardi","0","0"
"899","Giorno Giovanna","0","0"
"900","Max Brigante","0","0"
"901","Andrés Koi","50","0,5"
"902","Giusy Ferreri","25","0,25"
"903","Chiara Ferragni","50","0,5"
"904","MIKA","0","0"
"905","Lali","0","0"
"906","Omar Montes","0","0"
"907","Sante","0","0"
"908","Madh","0","0"
"909","La Miss","0","0"
"910","Cuzzo","0","0"
"911","Isabella Turso","13,333333333333334","6,6666666666666666E-2"
"912","Beatrice Quinta","0","0"
"913","Perturbazione","0","0"
"914","Vincenzo Fasano","0","0"
"915","Andrea Volontè","0","0"
"916","Max Pezzali","0","0"
"917","JV (ITA)","0","0"
"918","Michelle Lily","0","0"
"919","Remi Tone","0","0"
"920","Ras Six","0","0"
"921","Kill Mauri","0","0"
"922","Clo Sísmico","0","0"
"923","Takagi & Ketra","0","0"
"924","Maria Becerra","0","0"
"925","Ultimo","0","0"
"926","Lil’ Young","0","0"
"927","Sapobully","0","0"
"928","Giulia Penna","0","0"
"929","CaneSecco","0","0"
"930","Emma Muscat","0","0"
"931","Bouchra","0","0"
"932","Gli Autogol","0","0"
"933","P.A.P.A.","0","0"
"934","Boss Doms","0","0"
"935","RollzRois","50","0,5"
"936","PashaPG","0","0"
"937","6ix9ine","0","0"
"938","Rizzo","0","0"
"939","Not Good","0","0"
"940","Inamos","0","0"
"941","Mera (ITA)","0","0"
"942","Andrea Piraz","0","0"
"943","Westside Gunn","0","0"
"944","Fabio De Martino","0","0"
"945","Antonella Lo Coco","0","0"
"946","Skin","0","0"
"947","Saturnino","0","0"
"948","Rox","0","0"
"949","Ill Cecka","0","0"
"950","Agon","0","0"
"951","Gabba","0","0"
"952","Dafa aka Kilkenny","0","0"
"953","Danny Damn Vito","0","0"
"954","DJ Telaviv","0","0"
"955","Sistah Kinky","0","0"
"956","Rise Beatbox","0","0"
"957","Rokas","0","0"
"958","G.bit","0","0"
"959","T-Pain","100","1"
"960","Stash","50","0,5"
"961","Levante","100","1"
"962","Alessandra Amoroso","0","0"
"963","Alessia Cara","0","0"
"964","Sergio Sylvestre","0","0"
"965","Loredana Bertè","0","0"
"966","Il Pagante","0","0"
"967","Luca Di Stefano","0","0"
"968","Nek","0","0"
"969","Giò Sada","0","0"
"970","The Styles (ITA)","0","0"
"971","Valerio Jovine","0","-0,20000000000000001"
"972","Emiliano Valverde","0","0"
"973","Ermal Meta","0","0"
"974","Irene Viboras","0","0"
"975","Bianca Atzei","0","0"
"976","Francesco Sarcina","50","0,5"
"977","Guido Style","0","0"
"978","Freank Antoni","0","0"
"979","Navigator","0","0"
"980","Steve Forest","0","0"
"981","Elio (ITA)","0","0"
"982","Pau Donés","0","0"
"983","Maya Giglio","100","1"
"984","Dutch Nazari","50","0,5"
"985","Jolly Mare","0","0"
"986","Paolito","0","0"
"987","Giorgio Montanini","0","0"
"988","Michela Giraud","0","0"
"989","Fast Animals and Slow Kids","0","0"
"990","Un ubriaco","0","0"
"991","Shaggy","0","0"
"992","Ditonellapiaga","0","0"
"993","DJ Koma aka Mauràs","0","0"
"994","Michael Sorriso","0","0"
"995","Shula","0","0"
"996","DJ Lil Cut","0","0"
"997","Canebullo","0","0"
"998","PUGNI","0","0"
"999","Fudasca","0","0"
"1000","DJ DOPS","0","0"
"1001","Paolo Rossi","0","0"
"1002","Subsonica","0","0"
"1003","Papa J","0","0"
"1004","General Levy","0","-1"
"1005","Francesco Di Bella","0","0"
"1006","Urban Snakes","0","0"
"1007","Nuova Compagnia Di Canto Popolare","0","0"
"1008","Daniele Sepe","50","0,5"
"1009","Naive","0","0"
"1010","Raf","0","-1"
"1011","Casino Royale","0","-1"
"1012","Mr Poto","0","0"
"1013","Gamba The Lenk","0","0"
"1014","Chaka Nano","0","0"
"1015","Papa Samu","0","0"
"1016","Vaitea","0","0"
"1017","Sick Il Magro","0","-1"
"1018","Sissi","0","0"
"1019","Moses Sangare","0","0"
"1020","Marco Mengoni","0","0"
"1021","2Rari","0","0"
"1022","Electrofants","0","-1"
"1023","Nox (ITA)","0","-1"
"1024","Josiah and the Bonnevilles","0","-1"
"1025","Franco Califano","100","1"
"1026","Emi Lo Zio","0","0"
"1027","Deleterio","0","0"
"1028","167 Gang","0","0"
"1029","Philip","0","0"
"1030","Il Ghost","0","0"
"1031","Less Torrance","0","0"
"1032","Mikush","0","0"
"1033","Medy","0","0"
"1034","ASTOL","0","0"
"1035","Vago","0","0"
"1036","Mixup","0","0"
"1037","Uzi Lvke","0","0"
"1038","Fasma","0","0"
"1039","Vion","0","0"
"1040","Giuliano Sangiorgi","0","0"
"1041","Julia Crane","0","0"
"1042","Just Off Turner","0","0"
"1043","Romina Falconi","0","0"
"1044","Shezan Il Ragio","100","1"
"1045","Word","0","0"
"1046","Chime Nadir","0","-0,5"
"1047","Paolo Severini","0","0"
"1048","Giovanni Gulino","0","-1"
"1049","Dose (USA)","0","0"
"1050","Zoelle","0","0"
"1051","Hanami","0","-1"
"1052","Edo Fendy","100","1"
"1053","Low-Red","0","0"
"1054","Lil Lagio","0","0"
"1055","Luscià","0","0"
"1056","Eldo ODT","0","0"
"1057","Lola Indigo","0","0"
"1058","Lama","0","0"
"1059","Giorgio Poi","100","1"
"1060","Ceri Wax","0","0"
"1061","IRBIS","0","0"
"1062","Merio","0","0"
"1063","DJ Breeda","0","0"
"1064","Osso (ITA)","0","0"
"1065","Hopsin","0","0"
"1066","Martina Attili","0","0"
"1067","Birdy","0","0"
"1068","​sangiovanni","0","0"
"1069","CLARA","0","0"
"1070","Valentina Tioli","0","0"
"1071","Galup (Ita)","0","0"
"1072","C-MOE","0","0"
"1073","Jay Reaper","0","0"
"1074","D’African","0","0"
"1075","Granny Smith","0","0"
"1076","Gemello","22,222222222222221","0,22222222222222221"
"1077","Mystic One","0","0"
"1078","Uzi Junkana","0","0"
"1079","Victor Kwality","0","0"
"1080","Yojimbo","0","0"
"1081","Dope D.O.D.","50","0,5"
"1082","A$AP Ferg","0","0"
"1083","Sercho","0","0"
"1084","Lil Kvneki","0","0"
"1085","JAY1","0","0"
"1086","Martina May","0","0"
"1087","DJ Gengis","0","0"
"1088","Pinto","0","0"
"1089","NSP","0","0"
"1090","Hube","0","0"
"1091","Gose","0","0"
"1092","MACE","0","0"
"1093","Etto","0","0"
"1094","Maut","0","0"
"1095","Pakos","0","0"
"1096","Er Costa","0","0"
"1097","Blackout (gruppo)","0","0"
"1098","Rome Fortune","0","0"
"1099","Cuta","0","0"
"1100","FSK SATELLITE","100","1"
"1101","Smokepurpp","0","0"
"1102","Pretty Solero","0","0"
"1103","Inda","0","0"
"1104","RONNY J","0","0"
"1105","Tooda (KNGL)","0","0"
"1106","Billy Milligael","0","0"
"1107","Kofler","0","0"
"1108","Charlie KDM","100","1"
"1109","Davido","0","0"
"1110","Sir Prodige","0","0"
"1111","Fratelli Quintale","0","0"
"1112","Debbit","0","0"
"1113","Riky","0","0"
"1114","DJ Rave","0","0"
"1115","Bigfoot","0","0"
"1116","Glocky","100","1"
"1117","Kevin Mopao","0","0"
"1118","Nardo Wick","0","0"
"1119","Wairaki","0","0"
"1120","Touché","0","0"
"1121","El Piurri","0","0"
"1122","Ddrugz","0","0"
"1123","Bleeze Kapo","0","0"
"1124","Rayan","0","0"
"1125","Cross (Yang Attitude)","0","0"
"1126","Orange (Yang Attitude)","0","0"
"1127","Intifaya","0","0"
"1128","Giovane Feddini","0","0"
"1129","Deon (ITA)","0","0"
"1130","1Drop","0","0"
"1131","Tahnee Rodriguez","0","0"
"1132","Sud Sound System","0","0"
"1133","Carl Brave x Franco126","100","1"
"1134","Cole (TruceKlan)","0","0"
"1135","Raekwon","0","0"
"1136","Gast","0","0"
"1137","Click Head","0","0"
"1138","Thirstin Howl III","0","0"
"1139","Cam’ron","0","0"
"1140","Benassa","0","0"
"1141","Miss Violetta Beauregarde","0","0"
"1142","Gionni Gioielli","0","0"
"1143","Fetz Darko","0","0"
"1144","Wild Pizar","0","0"
"1145","Shadowbitch","0","0"
"1146","Micromala","0","0"
"1147","Mr. P (ITA)","0","0"
"1148","Benetti DC","0","0"
"1149","Simo GDB","0","0"
"1150","1Zuckero","0","0"
"1151","Supremo 73","0","0"
"1152","Conway the Machine","0","0"
"1153","Capstan","0","0"
"1154","Bat One","0","0"
"1155","Nak Spumanti","0","0"
"1156","Cesarino","0","0"
"1157","Diacca","0","0"
"1158","Capstan (Rap)","0","0"
"1159","Nasty G","0","0"
"1160","Lucci (Brokenspeakers)","0","0"
"1161","Brokenspeakers","0","0"
"1162","Franz (Brokenspeakers)","0","0"
"1163","Nicco (Brokenspeakers)","0","0"
"1164","Briga","0","0"
"1165","Tommaso Paradiso","0","0"
"1166","Dankery Harv","0","0"
"1167","Charlie Charles","0","0"
"1168","Micaela","0","0"
"1169","TOMMY DALI","0","0"
"1170","Raffaela Herbert","0","0"
"1171","Next Of Kin","0","0"
"1172","Vaanya Diva","0","0"
"1173","Big Joe","0","0"
"1174","P-Funking Horns","0","0"
"1175","Grand Agent","0","0"
"1176","Mumi","0","0"
"1177","Ninthe","0","0"
"1178","Caprice (MYS)","0","0"
"1179","Drew Williams","0","0"
"1180","Bobbi Humphrey","0","0"
"1181","Benny Lendano","0","0"
"1182","Zano","0","0"
"1183","Aquadrop","0","0"
"1184","Mattaman","0","0"
"1185","Ivan (ITA)","0","0"
"1186","Mr. Venom","0","0"
"1187","Ombra","0","0"
"1188","SottoTorchio","0","0"
"1189","NASKA","0","0"
"1190","Esse-P","0","0"
"1191","Xtreme Team","0","0"
"1192","Don Diegoh","0","0"
"1193","Damaxx","0","0"
"1194","Frequenza Mista","0","0"
"1195","Joker Flow","0","0"
"1196","Caputo","25","0,25"
"1197","Vins (ITA)","33,333333333333329","0,33333333333333331"
"1198","Cosmo","0","0"
"1199","Simon P","0","0"
"1200","Sedato Blend","0","0"
"1201","Gow Tribe","0","0"
"1202","Alexia","0","0"
"1203","Eiffel 65","50","0,5"
"1204","Benny Benassi","0","0"
"1205","Read QB","0","0"
"1206","Gogna","0","0"
"1207","Crine J","0","0"
"1208","Sonia Margot","0","0"
"1209","Tibber Squadd","0","0"
"1210","Fiorella Mannoia","0","0"
"1211","TDC21","0","0"
"1212","Matt er Nero","0","0"
"1213","Zatla","0","0"
"1214","Ryuk Zc","0","0"
"1215","Fandy (ITA)","0","0"
"1216","Commando (ITA)","0","0"
"1217","Yambo (ITA)","0","0"
"1218","Dardust","25","0,25"
"1219","Gazzelle","0","0"
"1220","Pablo Asso","0","0"
"1221","MC Binn","0","0"
"1222","Remi (ITA)","0","0"
"1223","Karakaz","0","0"
"1224","Kappa (ITA)","0","0"
"1225","Funky Cabaret","0","0"
"1226","Marlon Peroza","0","0"
"1227","DJ Pitch","0","0"
"1228","DADE","0","0"
"1229","Francesco Bearzatti","0","0"
"1230","KLAUS NOIR","0","0"
"1231","Remo Remotti","0","0"
"1232","Mimosa","0","0"
"1233","Ugo Crepa","0","0"
"1234","Pier Velvet","0","0"
"1235","NDG","0","0"
"1236","Pacestema","0","0"
"1237","RINquore","50","0,5"
"1238","La Rappresentante di Lista","0","0"
"1239","Margherita Vicario","0","0"
"1240","Max Zanotti","0","0"
"1241","Bartender","0","0"
"1242","Jaffa Phonix","0","0"
"1243","Lirike Taglienti","0","0"
"1244","Andy (Lirike Taglienti)","0","0"
"1245","Marïna (ITA)","100","1"
"1246","Traffik","0","0"
"1247","Oni One","0","0"
"1248","Hermit","0","0"
"1249","Kaydy Cain","0","0"
"1250","City Morgue","0","0"
"1251","Ski & Wok","0","0"
"1252","GASHI","0","0"
"1253","Julie P.","0","0"
"1254","Ice One","0","0"
"1255","2 Buoni Motivi","0","0"
"1256","Danny Losito","0","0"
"1257","Maryah","0","0"
"1258","Maku Go","0","0"
"1259","Jasmine (ITA)","0","0"
"1260","Graziano Romani","0","0"
"1261","Shola Ama","0","0"
"1262","Irene Lamedica","0","0"
"1263","Cirina","0","0"
"1264","Onassis","0","0"
"1265","Kay Bianco","0","0"
"1266","Laura Bono","0","0"
"1267","Sylvie Simbi","0","0"
"1268","Chiara Grispo","0","0"
"1269","Elisa Rosselli","0","0"
"1270","Marco Masini","0","0"
"1271","VSA 051","100","1"
"1272","Sillyelly","0","0"
"1273","Kuremino","50","0,5"
"1274","Cixi","100","1"
"1275","Lo Stato Sociale","0","0"
"1276","TY1","0","0"
"1277","The Kolors","0","0"
"1278","Danien","0","0"
"1279","Jacopo Èt","0","0"
"1280","Lexotan","20","0,20000000000000001"
"1281","Filippo Giardina","0","0"
"1282","Iang Riky","0","0"
"1283","Luana Faiv","0","0"
"1284","J Balvin","0","0"
"1285","Kira (ITA)","0","0"
"1286","Sayf","0","0"
"1287","ENRI","0","0"
"1288","Rosolo Roso","0","0"
"1289","Dani Caldes","0","0"
"1290","Chakra","0","0"
"1291","Marte (ITA)","0","0"
"1292","Tony 2Milli","0","0"
"1293","Leon Faun","0","0"
"1294","FreshMula","0","0"
"1295","Little G","0","0"
"1296","Paro Laser","0","0"
"1297","Pitto Stail","0","0"
"1298","Guezz","0","0"
"1299","Tommy Boy","0","0"
"1300","BLAZE BYG","0","0"
"1301","KKRISNA","0","0"
"1302","DAYTONA KK","0","0"
"1303","Francis La Potencia","0","0"
"1304","Frezza","0","0"
"1305","Suspect CB","0","0"
"1306","NSTASIA","100","1"
"1307","Travis Barker","0","0"
"1308","Par-T-One","0","0"
"1309","DJ Valium (ITA)","0","0"
"1310","El Verano","0","0"
"1311","Luciennn","0","0"
"1312","Leno (Rapper)","0","0"
"1313","Vevo","0","0"
"1314","Sysma","0","0"
"1315","Dexa (ITA)","0","0"
"1316","Xss”","0","0"
"1317","DJ MS","0","0"
"1318","Ocean Wisdom","0","0"
"1319","Ward 21","0","0"
"1320","Casadilego","0","0"
"1321","Devotion (ITA)","0","0"
"1322","Skits Vicious e André","0","0"
"1323","Belzebass","0","0"
"1324","Sally Cruz","0","0"
"1325","Headie One","0","0"
"1326","YOVNGCHIMI","0","0"
"1327","Bianca Costa","0","0"
"1328","Tiago PZK","0","0"
"1329","Parix Hilton","0","0"
"1330","Cranio Randagio","0","0"
"1331","Aitch","0","0"
"1332","Hoofer","0","-1"
"1333","Isi Noice","0","-1"
"1334","Giulia","100","1"
"1335","Real Talk","0","0"
"1336","Braziliantrapzarra","0","0"
"1337","Murcielago","0","0"
"1338","Mina","100","1"
"1339","Fidia Costantino","0","0"
"1340","Nyv","0","0"
"1341","Gudda Gudda","0","0"
"1342","Mr. P. Simmonds","0","0"
"1343","Dave Muldoon","0","0"
"1344","Solo Bombe","0","0"
"1345","Finley","0","0"
"1346","Midas","0","0"
"1347","Tokyo (ITA)","0","0"
"1348","DJ Minga","0","0"
"1349","Tommaso Quaranta","0","0"
"1350","Caffellatte","0","0"
"1351","Spoon","0","0"
"1352","Lou Reigns","0","0"
"1353","JP ASE","0","0"
"1354","GomeZeta","0","0"
"1355","Pier Cortese","0","0"
"1356","€nya (Producer)","0","0"
"1357","Jemal","0","0"
"1358","Beng (ITA)","0","0"
"1359","SopreMan","0","0"
"1360","Ornella","0","0"
"1361","Yves (UK)","0","0"
"1362","Lapo Raggiro","0","0"
"1363","Thekeenone","0","0"
"1364","Giulia Jean","50","0,5"
"1365","Corrado. (Dirty)","50","0,5"
"1366","Sofía Reyes","0","0"
"1367","Anitta","0","0"
"1368","Cicco Sanchez","0","0"
"1369","Southside Ciccio","0","0"
"1370","Xwond","0","0"
"1371","Daniel Cosmic","0","0"
"1372","malo (ITA)","0","0"
"1373","Fuego","0","0"
"1374","Juanfran","0","0"
"1375","Trippie Redd","100","1"
"1376","Zara Larsson","0","0"
"1377","Luciouz","0","0"
"1378","CARA","0","0"
"1379","Simon de Jano","0","0"
"1380","LP","0","0"
"1381","Punkreas","0","0"
"1382","Pankees","0","0"
"1383","DJ Frak","0","0"
"1384","Cili Man","0","0"
"1385","Sbend","0","0"
"1386","Dari Mc","0","0"
"1387","Manny G","0","0"
"1388","DJ Frak (ITA)","0","0"
"1389","Sammy (ITA)","0","0"
"1390","Ira (ITA)","0","0"
"1391","Skone (ITA)","0","0"
"1392","Calcutta","0","0"
"1393","Ada Reina","0","0"
"1394","Misa","0","0"
